student_id,programme,types,keywords,prerequisites
123456789,Biochemistry,"Data analysis,GIS analysis,Grant proposal,Image analysis,Meta-analysis","Molecular cell biology,Multi-omics,One health,Working with local schools,Cancer immunology","LIFE203,LIFE206,LIFE210,LIFE213,LIFE216"
201155246,Biological Sciences,"Bioinformatics,Health Research,Systematic Review,Journalism,Meta-analysis","Systems pharmacology and information science,Bioinformatics,Multi-omics,Pre-clinical drug development,Drug discovery","LIFE201,LIFE202,LIFE208,LIFE210,LIFE213,LIFE223,LIFE225,LIFE226,LIFE227,LIFE237"
201314336,Biological Sciences,"Laboratory,Health Research,Field,Meta-analysis,Education Research","Human immunology,Infection biology,Clinical drug development,Parasitology and vector borne disease,Cardiotoxicity","LIFE202,LIFE207,LIFE209,LIFE216,LIFE221,LIFE223,LIFE228,LIFE236,LIFE237"
201318725,Biological and Medical Sciences,"Laboratory,Field,Bioinformatics,Image analysis,Meta-analysis","Neurobiology and Neuropathology,Cancer cell signalling,Cancer medicine,Pre-clinical drug development,Protein structure and function","LIFE202,LIFE204,LIFE205,LIFE207,LIFE221,LIFE223,LIFE227,LIFE229,LIFE234,LIFE242"
201366022,Zoology,"Field,Systematic Review,GIS analysis,Data analysis,School","Animal behaviour,Conservation  biology and environmental change,Ecology,Evolution and adaptation,Outreach and public engagement","LIFE205,LIFE211,LIFE213,LIFE214,LIFE223,LIFE230,LIFE233,LIFE238,LIFE243"
201380420,Anatomy and Human Biology,"Laboratory,Image analysis,Outreach,Market Analysis,Health Research","Anatomy,Musculoskeletal ageing,Neurobiology and Neuropathology,Musculoskeletal biology,Dental Innovation","LIFE204,LIFE205,LIFE218,LIFE219,LIFE220,LIFE223,LIFE229,LIFE232,LIFE235"
201382923,Biological Sciences,"Laboratory,Bioinformatics,Data analysis,Systematic Review,Health Research","Cancer genetics,Cancer medicine,Cancer cell signalling,Bioinformatics,Cell signalling","LIFE201,LIFE202,LIFE208,LIFE210,LIFE221,LIFE223,LIFE225,LIFE226,LIFE227,LIFE228"
201384632,Zoology,"Field,Meta-analysis,Laboratory,Systematic Review,Grant proposal","Ecology,Conservation  biology and environmental change,Evolution and adaptation,Animal behaviour,Animal welfare research","LIFE211,LIFE212,LIFE213,LIFE214,LIFE223,LIFE230,LIFE233,LIFE238,LIFE243"
201388972,Anatomy and Human Biology,"Health Research,Systematic Review,Field,Laboratory,Data analysis","Neurobiology and Neuropathology,Cardiac electrophysiology,Musculoskeletal biology,Sepsis and acute inflammatory conditions,Anatomy","LIFE205,LIFE208,LIFE218,LIFE219,LIFE220,LIFE223,LIFE235,LIFE242"
201393620,Bioveterinary Sciences,"Laboratory,Field,Systematic Review,Image analysis,Data analysis","Ruminant health and welfare,Parasitology and vector borne disease,Animal welfare research,Emerging infections and pandemic threats,Companion animals  and health data","LIFE212,LIFE216,LIFE223,LIFE230,LIFE239,LIFE240"
201409237,Biological Sciences,"Grant proposal,Meta-analysis,Health Research,Image analysis,Field","Musculoskeletal biology,Musculoskeletal ageing,Calcium regulation,Cancer genetics,Anatomy","LIFE202,LIFE204,LIFE206,LIFE207,LIFE221,LIFE223,LIFE227,LIFE232,LIFE234"
201417181,Biological and Medical Sciences,"Laboratory,Meta-analysis,Bioinformatics,Systematic Review,Data analysis","Global health,Cancer immunology,Drug discovery,Emerging infections and pandemic threats,Neurobiology and Neuropathology","LIFE202,LIFE204,LIFE206,LIFE207,LIFE221,LIFE223,LIFE225,LIFE227,LIFE234,LIFE237"
201426874,Anatomy and Human Biology,"Field,Laboratory,Image analysis,Grant proposal,Health Research","Biomechanics,Musculoskeletal biology,Ophthalmology - Tissue engineering and regenerative medicine,Musculoskeletal ageing,Anatomy","LIFE202,LIFE213,LIFE218,LIFE220,LIFE223,LIFE225,LIFE229,LIFE235"
201427536,Biochemistry,"Laboratory,Field,Health Research,Image analysis,Education Research","Drug discovery,Drug safety,Development,Pre-clinical drug development,Cancer cell signalling","LIFE201,LIFE202,LIFE203,LIFE207,LIFE223,LIFE224,LIFE227,LIFE237,LIFE242,LIFE245"
201431528,Biological Sciences,"Laboratory,Systematic Review,Health Research,Data analysis,Meta-analysis","Host-microbe biology and co-evolution,Parasitology and vector borne disease,Emerging infections and pandemic threats,One health,Global health","LIFE202,LIFE208,LIFE209,LIFE211,LIFE212,LIFE223,LIFE225,LIFE228,LIFE233,LIFE236"
201460733,Zoology,"Field,Laboratory,School,Systematic Review,Data analysis","Animal behaviour,Evolution and adaptation,Ecology,Conservation  biology and environmental change,Wildlife and zoonotic disease","LIFE211,LIFE212,LIFE213,LIFE214,LIFE216,LIFE223,LIFE230,LIFE233,LIFE238,LIFE243"
201461390,Bioveterinary Sciences,"Health Research,Outreach,School,Systematic Review,Education Research","Musculoskeletal biology,Wildlife and zoonotic disease,Working with local schools,Animals in society,Gastrointestinal infections","LIFE204,LIFE211,LIFE215,LIFE216,LIFE217,LIFE227,LIFE230,LIFE237,LIFE239"
201461903,Microbiology and Infection,"School,Outreach,Laboratory,Journalism,Image analysis","Emerging infections and pandemic threats,Global health,Infection biology,Respiratory infections,Human immunology","LIFE202,LIFE208,LIFE209,LIFE210,LIFE221,LIFE223,LIFE227,LIFE228,LIFE236,LIFE237"
201463905,Anatomy and Human Biology,"Health Research,Market Analysis,Laboratory,Education Research,Data analysis","Gastrointestinal infections,Musculoskeletal ageing,Musculoskeletal biology,Sepsis and acute inflammatory conditions,Emerging infections and pandemic threats","LIFE204,LIFE205,LIFE218,LIFE219,LIFE220,LIFE223,LIFE229,LIFE232,LIFE235"
201468892,Biological and Medical Sciences,"Education Research,Health Research,Journalism,Outreach,Grant proposal","Parasitology and vector borne disease,Neurobiology and Neuropathology,Gastrointestinal infections,Infection biology,Host-microbe biology and co-evolution","LIFE202,LIFE204,LIFE207,LIFE208,LIFE209,LIFE223,LIFE225,LIFE227,LIFE236"
201471392,Anatomy and Human Biology,"Systematic Review,Data analysis,Meta-analysis,Health Research,Outreach","Musculoskeletal ageing,Musculoskeletal biology,Anatomy,Cancer outreach,Sepsis and acute inflammatory conditions","LIFE201,LIFE202,LIFE203,LIFE204,LIFE205"
201473318,Biological and Medical Sciences,"Grant proposal,Laboratory,Health Research,Data analysis,Systematic Review","Dental Innovation,Oral Microbiology,Musculoskeletal biology,Anatomy,Gastrointestinal infections","LIFE202,LIFE205,LIFE207,LIFE221,LIFE223,LIFE227,LIFE228,LIFE230,LIFE245"
201488844,Biological and Medical Sciences,"Laboratory,Meta-analysis,Data analysis,Systematic Review,Health Research","Neurobiology and Neuropathology,Calcium regulation,Musculoskeletal ageing,Clinical drug development,Gastrointestinal infections","LIFE202,LIFE204,LIFE205,LIFE206,LIFE207,LIFE223,LIFE225,LIFE227"
201500292,Biological and Medical Sciences,"Health Research,Laboratory,Grant proposal,Education Research,Field","Neurobiology and Neuropathology,Drug discovery,Clinical drug development,Pre-clinical drug development,Drug safety","LIFE202,LIFE204,LIFE206,LIFE207,LIFE221,LIFE223,LIFE225,LIFE227,LIFE229,LIFE234"
201510155,Biological Sciences,"Field,Laboratory,Systematic Review,Journalism,Outreach","Plant science,Plant ecology,Host-microbe biology and co-evolution,One health,Evolution and adaptation","LIFE202,LIFE203,LIFE204,LIFE205,LIFE213,LIFE223,LIFE227"
201510539,Biological and Medical Sciences,"Field,Market Analysis,Health Research,Data analysis,Systematic Review","Anatomy,Respiratory infections,Musculoskeletal ageing,Neurobiology and Neuropathology,Dental Innovation","LIFE202,LIFE204,LIFE206,LIFE207,LIFE221,LIFE223,LIFE227,LIFE229,LIFE234,LIFE242"
201512692,Biological Sciences,"Laboratory,Computer modelling,Outreach,School,Meta-analysis","Cancer immunology,Cancer microenvironment,Drug discovery,Pre-clinical drug development,Drug safety","LIFE201,LIFE202,LIFE206,LIFE207,LIFE221,LIFE223,LIFE224,LIFE225,LIFE234,LIFE237"
201512727,Biochemistry,"Laboratory,Data analysis,Health Research,Field,Meta-analysis","Cancer cell signalling,Cancer immunology,Cancer medicine,Cardiotoxicity,Cell signalling","LIFE201,LIFE202,LIFE203,LIFE223,LIFE224,LIFE225,LIFE227,LIFE237,LIFE245"
201517254,Biological Sciences,"Laboratory,Field,Bioinformatics,Data analysis,Health Research","Plant science,One health,Plant ecology,Host-microbe biology and co-evolution,Conservation  biology and environmental change","LIFE201,LIFE209,LIFE210,LIFE213,LIFE214,LIFE223,LIFE226,LIFE227,LIFE228,LIFE233"
201517610,Zoology,"Field,Laboratory,GIS analysis,Computer modelling,Data analysis","Animal behaviour,Conservation  biology and environmental change,Ecology,Evolution and adaptation,Animals in society","LIFE211,LIFE212,LIFE213,LIFE214,LIFE223,LIFE230,LIFE233,LIFE238,LIFE243"
201535231,Biological and Medical Sciences,"Journalism,Laboratory,Bioinformatics,Meta-analysis,Health Research","Development,Drug safety,Cancer genetics,Molecular cell biology,Clinical drug development","LIFE201,LIFE207,LIFE223,LIFE225,LIFE227"
201539246,Biochemistry,"Health Research,Bioinformatics,Systematic Review,Meta-analysis,Field","Cardiotoxicity,Infection biology,Drug safety,Cancer genetics,Cancer cell signalling","LIFE201,LIFE202,LIFE203,LIFE210,LIFE223,LIFE224,LIFE227,LIFE237,LIFE242,LIFE245"
201540359,Biological and Medical Sciences,"Journalism,Health Research,Education Research,Systematic Review,Outreach","Emerging infections and pandemic threats,Global health,One health,Drug safety,Gastrointestinal infections","LIFE202,LIFE204,LIFE205,LIFE206,LIFE207,LIFE223,LIFE225,LIFE227,LIFE229,LIFE234"
201540546,Anatomy and Human Biology,"Laboratory,Health Research,Image analysis,Education Research,Meta-analysis","Anatomy,Neurobiology and Neuropathology,Musculoskeletal biology,Dental Innovation,Development","LIFE204,LIFE205,LIFE218,LIFE220,LIFE223,LIFE229,LIFE232,LIFE235"
201541139,Biological and Medical Sciences,"Laboratory,Systematic Review,Journalism,Data analysis,Health Research","Global health,Pre-clinical drug development,Emerging infections and pandemic threats,Cell signalling,Cancer genetics","LIFE202,LIFE204,LIFE207,LIFE209,LIFE223,LIFE225,LIFE227,LIFE229,LIFE236"
201541343,Biological Sciences,"Laboratory,Systematic Review,Meta-analysis,Grant proposal,Image analysis","Cell signalling,Development,Human immunology,Cancer immunology,Sepsis and acute inflammatory conditions","LIFE202,LIFE204,LIFE206,LIFE207,LIFE221,LIFE223,LIFE226,LIFE227,LIFE229,LIFE232"
201541348,Bioveterinary Sciences,"Education Research,Laboratory,Field,Systematic Review,Outreach","Infection biology,Emerging infections and pandemic threats,Animals in society,Parasitology and vector borne disease,Animal welfare research","LIFE212,LIFE215,LIFE216,LIFE217,LIFE223,LIFE227,LIFE230,LIFE237,LIFE240"
201541434,Bioveterinary Sciences,"Laboratory,Field,Image analysis,Systematic Review,Health Research","Ruminant health and welfare,Infection biology,Animal welfare research,Companion animals  and health data,Animals in society","LIFE212,LIFE227,LIFE237,LIFE239,LIFE240"
201542057,Anatomy and Human Biology,"Field,Health Research,Laboratory,Data analysis,Meta-analysis","Cardioprotection,Cancer immunology,Musculoskeletal biology,Gastrointestinal infections,Sepsis and acute inflammatory conditions","LIFE204,LIFE205,LIFE218,LIFE219,LIFE220,LIFE223,LIFE229,LIFE232,LIFE235"
201542209,Microbiology and Infection,"Laboratory,Journalism,Field,Systematic Review,Bioinformatics","Host-microbe biology and co-evolution,Animal welfare research,Cell signalling,Animals in society,Infection biology","LIFE202,LIFE208,LIFE209,LIFE210,LIFE221,LIFE223,LIFE226,LIFE227,LIFE228,LIFE237"
201542538,Biological and Medical Sciences,"Laboratory,Journalism,Field,Systematic Review,Education Research","Cell signalling,Cancer cell signalling,Molecular cell biology,Neurobiology and Neuropathology,Protein structure and function","LIFE202,LIFE204,LIFE206,LIFE207,LIFE223,LIFE225,LIFE227,LIFE234,LIFE237,LIFE245"
201542637,Biological Sciences,"Field,Systematic Review,Laboratory,Market Analysis,Journalism","Animal behaviour,Animals in society,Conservation  biology and environmental change,Companion animals  and health data,Evolution and adaptation","LIFE209,LIFE211,LIFE212,LIFE213,LIFE214,LIFE223,LIFE230,LIFE233,LIFE238,LIFE243"
201542714,Biological and Medical Sciences,"Field,Health Research,Market Analysis,Outreach,Grant proposal","Cancer outreach,Musculoskeletal ageing,Clinical drug development,Drug safety,Global health","LIFE202,LIFE204,LIFE205,LIFE207,LIFE221,LIFE223,LIFE227,LIFE229,LIFE236,LIFE242"
201542990,Biological and Medical Sciences,"Laboratory,Health Research,Systematic Review,Grant proposal,Education Research","Cancer medicine,Pre-clinical drug development,Cancer immunology,Cardiotoxicity,Global health","LIFE202,LIFE204,LIFE207,LIFE208,LIFE221,LIFE223,LIFE225,LIFE227,LIFE229,LIFE236"
201543499,Biological and Medical Sciences,"Laboratory,Health Research,Field,Outreach,Market Analysis","Protein structure and function,Molecular cell biology,Cancer immunology,Emerging infections and pandemic threats,Infection biology","LIFE202,LIFE204,LIFE206,LIFE207,LIFE221,LIFE223"
201543524,Anatomy and Human Biology,"Laboratory,Image analysis,Computer modelling,Health Research,Market Analysis","Anatomy,Biomechanics,Neurobiology and Neuropathology,Cancer medicine,Ophtalmology - image analysis","LIFE204,LIFE205,LIFE218,LIFE219,LIFE220,LIFE223,LIFE229,LIFE232,LIFE235"
201543615,Biological and Medical Sciences,"Systematic Review,Laboratory,Meta-analysis,Data analysis,Health Research","Musculoskeletal ageing,Neurobiology and Neuropathology,Musculoskeletal biology,Anatomy,Gastrointestinal infections","LIFE202,LIFE204,LIFE205,LIFE206,LIFE207,LIFE223,LIFE225,LIFE227,LIFE229,LIFE234"
201543869,Biological and Medical Sciences,"Laboratory,Data analysis,Bioinformatics,Image analysis,Systematic Review","Cancer cell signalling,Cell signalling,Molecular cell biology,Development,Calcium regulation","LIFE202,LIFE204,LIFE205,LIFE206,LIFE207,LIFE223,LIFE225,LIFE227,LIFE229,LIFE234"
201544451,Biological and Medical Sciences,"Laboratory,Data analysis,Meta-analysis,Systematic Review,Field","Pre-clinical drug development,Cancer medicine,Drug discovery,Clinical drug development,Drug safety","LIFE202,LIFE204,LIFE206,LIFE207,LIFE221,LIFE223,LIFE225,LIFE227,LIFE229,LIFE234"
201544724,Biological and Medical Sciences,"Laboratory,Field,Health Research,Data analysis,Meta-analysis","Neurobiology and Neuropathology,Musculoskeletal ageing,Musculoskeletal biology,Cardioprotection,Cancer immunology","LIFE202,LIFE204,LIFE207,LIFE210,LIFE221,LIFE223,LIFE225,LIFE227,LIFE229,LIFE234"
201545307,Zoology,"Field,Laboratory,Image analysis,Journalism,Education Research","Conservation  biology and environmental change,Animal behaviour,Animal welfare research,Ecology,Evolution and adaptation","LIFE212,LIFE213,LIFE214,LIFE230,LIFE238"
201545589,Bioveterinary Sciences,"Meta-analysis,Data analysis,Systematic Review,Health Research,Field","Infection biology,Musculoskeletal ageing,Animal welfare research,Parasitology and vector borne disease,Sepsis and acute inflammatory conditions","LIFE212,LIFE215,LIFE216,LIFE217,LIFE223,LIFE227,LIFE230,LIFE237,LIFE239,LIFE240"
201546415,Anatomy and Human Biology,"Meta-analysis,Systematic Review,Field,Grant proposal,Health Research","Ophthalmology - Tissue engineering and regenerative medicine,Emerging infections and pandemic threats,Infection biology,Cardiotoxicity,Sepsis and acute inflammatory conditions","LIFE202,LIFE205,LIFE218,LIFE219,LIFE220,LIFE223,LIFE229,LIFE232,LIFE235"
201547705,Biochemistry,"Laboratory,Bioinformatics,Computational project,Computer modelling,Health Research","Cancer immunology,Infection biology,Cancer genetics,Sepsis and acute inflammatory conditions,Drug discovery","LIFE202,LIFE203,LIFE210,LIFE223,LIFE224,LIFE242"
201548416,Biological Sciences,"Meta-analysis,Systematic Review,Data analysis,Journalism,Laboratory","Drug safety,Gastrointestinal infections,Biomechanics,Cell signalling,Drug discovery","LIFE201,LIFE202,LIFE204,LIFE206,LIFE207"
201551265,Biological and Medical Sciences,"Journalism,Systematic Review,Outreach,Market Analysis,Education Research","Clinical drug development,Drug safety,Cancer outreach,Emerging infections and pandemic threats,Sepsis and acute inflammatory conditions","LIFE205,LIFE207,LIFE223,LIFE225,LIFE227"
201551581,Biological Sciences,"Education Research,Health Research,Image analysis,Systematic Review,Data analysis","Gastrointestinal infections,Respiratory infections,Neurobiology and Neuropathology,Sepsis and acute inflammatory conditions,Drug discovery","LIFE202,LIFE204,LIFE206,LIFE207,LIFE209,LIFE223,LIFE227,LIFE229,LIFE232,LIFE234"
201551873,Biochemistry,"Laboratory,Bioinformatics,School,Data analysis,Meta-analysis","Cancer genetics,Development,Working with local schools,Educational research,Host-microbe biology and co-evolution","LIFE201,LIFE202,LIFE203,LIFE210,LIFE223,LIFE224,LIFE225,LIFE227,LIFE237,LIFE245"
201553392,Biochemistry,"Laboratory,Computational project,Bioinformatics,Computer modelling,Health Research","Cancer genetics,Multi-omics,Cancer medicine,Structural biology,Bioinformatics","LIFE201,LIFE202,LIFE203,LIFE208,LIFE223,LIFE224,LIFE225,LIFE237,LIFE245"
201553475,Biological Sciences,"Data analysis,Meta-analysis,Systematic Review,Outreach,Computational project","Parasitology and vector borne disease,Gastrointestinal infections,Wildlife and zoonotic disease,Infection biology,Emerging infections and pandemic threats","LIFE202,LIFE209,LIFE210,LIFE216,LIFE221,LIFE223,LIFE227,LIFE228,LIFE236,LIFE237"
201554529,Microbiology and Infection,"Laboratory,Meta-analysis,Data analysis,Systematic Review,Health Research","Human immunology,Respiratory infections,Infection biology,Drug discovery,Emerging infections and pandemic threats","LIFE202,LIFE208,LIFE209,LIFE210,LIFE221,LIFE223,LIFE226,LIFE227,LIFE228,LIFE237"
201555361,Biological Sciences,"Systematic Review,Market Analysis,Laboratory,Grant proposal,Meta-analysis","Clinical drug development,Global health,Parasitology and vector borne disease,Pre-clinical drug development,Cancer medicine","LIFE209,LIFE210,LIFE211,LIFE221,LIFE222,LIFE223,LIFE230,LIFE236,LIFE243"
201555580,Biological and Medical Sciences,"Field,Laboratory,School,Grant proposal,Outreach","Neurobiology and Neuropathology,Working with local schools,Musculoskeletal biology,Cell signalling,Outreach and public engagement","LIFE202,LIFE204,LIFE205,LIFE207,LIFE223,LIFE227,LIFE229,LIFE234,LIFE242,LIFE245"
201556422,Biological Sciences,"Laboratory,Field,Journalism,Grant proposal,Education Research","Evolution and adaptation,Parasitology and vector borne disease,Ecology,Wildlife and zoonotic disease,Animal behaviour","LIFE211,LIFE212,LIFE213,LIFE214,LIFE216,LIFE223,LIFE230,LIFE233,LIFE238,LIFE243"
201557933,Biological Sciences,"Meta-analysis,Systematic Review,Market Analysis,Data analysis,Health Research","Drug safety,Drug discovery,Clinical drug development,Cardiotoxicity,Respiratory infections","LIFE201,LIFE202,LIFE204,LIFE206,LIFE207,LIFE223,LIFE225,LIFE229,LIFE232,LIFE234"
201558199,Biological Sciences,"Laboratory,Health Research,Journalism,Systematic Review,Outreach","Infection biology,Cancer medicine,Drug discovery,Drug safety,Respiratory infections","LIFE202,LIFE204,LIFE206,LIFE221,LIFE226,LIFE227,LIFE229,LIFE234"
201558908,Biological and Medical Sciences,"Laboratory,Journalism,Grant proposal,Health Research,Systematic Review","Emerging infections and pandemic threats,Global health,Drug discovery,Cardiac electrophysiology,Cancer cell signalling","LIFE202,LIFE204,LIFE207,LIFE208,LIFE221,LIFE223,LIFE225,LIFE227,LIFE229,LIFE236"
201559340,Biological and Medical Sciences,"Health Research,Meta-analysis,Grant proposal,Systematic Review,Data analysis","Cardiac electrophysiology,Musculoskeletal ageing,Cancer genetics,Respiratory infections,Anatomy","LIFE202,LIFE204,LIFE205,LIFE207,LIFE208,LIFE223,LIFE225,LIFE227,LIFE228,LIFE229"
201559508,Biological Sciences,"Journalism,Outreach,Systematic Review,Market Analysis,Laboratory","Cell signalling,Neurobiology and Neuropathology,Calcium regulation,Cancer microenvironment,Cancer immunology","LIFE202,LIFE204,LIFE206,LIFE207,LIFE221,LIFE223,LIFE227,LIFE228,LIFE229,LIFE234"
201559900,Biological and Medical Sciences,"Market Analysis,Journalism,Education Research,Outreach,Systematic Review","Global health,Gastrointestinal infections,Emerging infections and pandemic threats,Ophthalmology - biomaterials,Cancer outreach","LIFE202,LIFE204,LIFE207,LIFE209,LIFE210,LIFE223,LIFE227,LIFE229,LIFE236,LIFE242"
201560531,Biological and Medical Sciences,"Health Research,Laboratory,Meta-analysis,Image analysis,Bioinformatics","Ophthalmology - biomaterials,Ophthalmology - Tissue engineering and regenerative medicine,Ophthalmology - in vitro model design,Ophthalmology - image analysis,Cardiotoxicity","LIFE202,LIFE204,LIFE206,LIFE207,LIFE221,LIFE223,LIFE225,LIFE227,LIFE229,LIFE234"
201560676,Biological Sciences,"Market Analysis,Journalism,Outreach,Education Research,Health Research","Global health,Gastrointestinal infections,Outreach and public engagement,Cancer outreach,Clinical drug development","LIFE202,LIFE204,LIFE205,LIFE206,LIFE207,LIFE223,LIFE227,LIFE229,LIFE232,LIFE234"
201561825,Biochemistry,"Laboratory,Bioinformatics,Field,Meta-analysis,Data analysis","Cell signalling,Musculoskeletal ageing,Molecular cell biology,Neurobiology and Neuropathology,Drug discovery","LIFE201,LIFE202,LIFE203,LIFE207,LIFE223,LIFE224,LIFE227,LIFE237,LIFE242,LIFE245"
201563105,Biological Sciences,"Health Research,Grant proposal,School,Education Research,Bioinformatics","Emerging infections and pandemic threats,Drug safety,Global health,Cancer immunology,Sepsis and acute inflammatory conditions","LIFE202,LIFE207,LIFE209,LIFE210,LIFE221,LIFE223,LIFE227,LIFE228,LIFE236,LIFE237"
201563128,Biological and Medical Sciences,"Laboratory,Meta-analysis,Systematic Review,Data analysis,Field","Cancer microenvironment,Oral Microbiology,Musculoskeletal ageing,Development,Evolution and adaptation","LIFE202,LIFE204,LIFE206,LIFE207,LIFE208,LIFE223,LIFE225,LIFE227,LIFE229,LIFE234"
201565487,Biological Sciences,"Laboratory,Field,School,Education Research,Health Research","Neurobiology and Neuropathology,Cardiac electrophysiology,Musculoskeletal biology,Cardioprotection,Cardiotoxicity","LIFE201,LIFE202,LIFE204,LIFE206,LIFE207,LIFE223,LIFE227,LIFE229,LIFE232,LIFE234"
201565806,Biological Sciences,"Laboratory,Systematic Review,Outreach,School,Education Research","Infection biology,Host-microbe biology and co-evolution,Parasitology and vector borne disease,Emerging infections and pandemic threats,Global health","LIFE202,LIFE208,LIFE210,LIFE223,LIFE228,LIFE236"
201567001,Biological and Medical Sciences,"Systematic Review,Meta-analysis,Laboratory,Health Research,Data analysis","Cancer immunology,Cancer microenvironment,Infection biology,Drug safety,Musculoskeletal biology","LIFE202,LIFE204,LIFE207,LIFE210,LIFE221,LIFE223,LIFE225,LIFE227,LIFE229,LIFE234"
201567962,Biological Sciences,"Field,School,Laboratory,Journalism,Data analysis","Ecology,Conservation  biology and environmental change,Evolution and adaptation,Animal behaviour,Wildlife and zoonotic disease","LIFE211,LIFE213,LIFE214,LIFE222,LIFE223,LIFE230,LIFE233,LIFE238,LIFE240,LIFE243"
201568805,Biological Sciences,"Laboratory,Health Research,Market Analysis,Systematic Review,Bioinformatics","Infection biology,Emerging infections and pandemic threats,Parasitology and vector borne disease,One health,Biomechanics","LIFE207,LIFE209,LIFE210,LIFE221,LIFE223,LIFE227,LIFE228,LIFE229,LIFE234"
201570139,Biological and Medical Sciences,"Data analysis,Laboratory,Bioinformatics,Meta-analysis,Education Research","Musculoskeletal biology,Clinical drug development,Biomechanics,Musculoskeletal ageing,Protein structure and function","LIFE204,LIFE205,LIFE206,LIFE225,LIFE229"
201570198,Biological and Medical Sciences,"Health Research,Education Research,Outreach,School,Laboratory","Anatomy,Cardioprotection,Global health,Educational research,Musculoskeletal ageing","LIFE202,LIFE204,LIFE207,LIFE208,LIFE221,LIFE223,LIFE227,LIFE228,LIFE229,LIFE242"
201571852,Biological and Medical Sciences,"Data analysis,Health Research,Meta-analysis,Market Analysis,Laboratory","Global health,Neurobiology and Neuropathology,Anatomy,Musculoskeletal biology,Outreach and public engagement","LIFE202,LIFE204,LIFE205,LIFE206,LIFE207,LIFE223,LIFE227,LIFE229,LIFE232,LIFE234"
201576028,Biological and Medical Sciences,"Image analysis,Journalism,Computer modelling,Data analysis,Meta-analysis","Anatomy,Musculoskeletal ageing,Gastrointestinal infections,Respiratory infections,Dental Innovation","LIFE204,LIFE207,LIFE221,LIFE227,LIFE229"
201576332,Biochemistry,"Data analysis,Systematic Review,Laboratory,Health Research,Bioinformatics","Structural biology,Cell signalling,Protein structure and function,Neurobiology and Neuropathology,Bioinformatics","LIFE201,LIFE202,LIFE203,LIFE223,LIFE224,LIFE225,LIFE227,LIFE237,LIFE245"
201576348,Anatomy and Human Biology,"Laboratory,Meta-analysis,Systematic Review,Health Research,Journalism","Musculoskeletal biology,Musculoskeletal ageing,Cardiotoxicity,Anatomy,Sepsis and acute inflammatory conditions","LIFE204,LIFE205,LIFE218,LIFE219,LIFE220,LIFE223,LIFE229,LIFE232,LIFE235"
201576473,Biological Sciences,"Laboratory,Grant proposal,Computational project,Health Research,Outreach","Clinical drug development,Designing educational resources,Drug discovery,Outreach and public engagement,Working with local schools","LIFE210,LIFE221,LIFE223,LIFE224,LIFE237"
201576844,Biochemistry,"Health Research,Laboratory,Image analysis,Field,Data analysis","Calcium regulation,Cell signalling,Pre-clinical drug development,Cancer immunology,Drug discovery","LIFE201,LIFE202,LIFE203,LIFE207,LIFE223,LIFE224,LIFE227,LIFE237,LIFE242,LIFE245"
201577318,Zoology,"Field,Laboratory,Journalism,Image analysis,Data analysis","Companion animals  and health data,Anatomy,Conservation  biology and environmental change,Development,Animal behaviour","LIFE211,LIFE212,LIFE213,LIFE215,LIFE216,LIFE223,LIFE230,LIFE233,LIFE238,LIFE243"
201577438,Biochemistry,"Health Research,Outreach,Market Analysis,Grant proposal,Education Research","Infection biology,Molecular cell biology,Cancer cell signalling,Musculoskeletal ageing,Designing educational resources","LIFE201,LIFE202,LIFE203,LIFE209,LIFE227,LIFE237,LIFE242,LIFE245"
201579122,Zoology,"Journalism,Field,School,GIS analysis,Outreach","Ecology,Conservation  biology and environmental change,Animals in society,Evolution and adaptation,Designing educational resources","LIFE211,LIFE212,LIFE213,LIFE214,LIFE223,LIFE230,LIFE233,LIFE238,LIFE243"
201579490,Biological Sciences,"Health Research,Education Research,Outreach,Journalism,Data analysis","Educational research,Outreach and public engagement,Neurobiology and Neuropathology,Global health,Infection biology","LIFE202,LIFE204,LIFE205,LIFE208,LIFE221,LIFE223,LIFE227,LIFE232,LIFE236"
201583247,Biological Sciences,"Laboratory,Bioinformatics,Journalism,Image analysis,Grant proposal","Neurobiology and Neuropathology,Cancer genetics,Cancer cell signalling,Cell signalling,Molecular cell biology","LIFE201,LIFE202,LIFE204,LIFE207,LIFE208,LIFE223,LIFE226,LIFE227,LIFE229,LIFE232"
201584449,Biological Sciences,"Laboratory,Health Research,Field,Outreach,Systematic Review","Infection biology,Emerging infections and pandemic threats,Wildlife and zoonotic disease,Global health,Human immunology","LIFE202,LIFE209,LIFE210,LIFE221,LIFE223,LIFE225,LIFE227,LIFE228,LIFE236,LIFE240"
201584810,Biological and Medical Sciences,"Laboratory,Grant proposal,Systematic Review,Health Research,Journalism","Musculoskeletal ageing,Cancer medicine,Cancer microenvironment,Cancer cell signalling,Global health","LIFE202,LIFE204,LIFE205,LIFE206,LIFE207,LIFE223,LIFE225,LIFE227,LIFE229,LIFE234"
201585740,Biological Sciences,"Laboratory,Systematic Review,Health Research,Data analysis,Grant proposal","Cancer immunology,Cancer microenvironment,Cancer cell signalling,Cancer genetics,Cardiotoxicity","LIFE202,LIFE204,LIFE205,LIFE207,LIFE221,LIFE223,LIFE227,LIFE229,LIFE232,LIFE242"
201585750,Biological Sciences,"GIS analysis,Field,Data analysis,Laboratory,Meta-analysis","Ecology,Conservation  biology and environmental change,Plant ecology,Animal behaviour,Wildlife and zoonotic disease","LIFE201,LIFE212,LIFE213,LIFE214,LIFE223,LIFE225,LIFE230,LIFE238,LIFE243"
201586629,Microbiology and Infection,"Laboratory,Image analysis,Bioinformatics,Data analysis,Meta-analysis","Molecular cell biology,Plant science,Protein structure and function,Host-microbe biology and co-evolution,Gastrointestinal infections","LIFE202,LIFE208,LIFE209,LIFE210,LIFE221,LIFE223,LIFE227,LIFE228,LIFE236,LIFE237"
201590183,Biological and Medical Sciences,"Laboratory,Health Research,Outreach,Journalism,School","Emerging infections and pandemic threats,Cancer cell signalling,One health,Drug safety,Global health","LIFE202,LIFE204,LIFE206,LIFE207,LIFE221,LIFE223,LIFE225,LIFE227,LIFE229,LIFE234"
201590198,Biological and Medical Sciences,"Laboratory,Health Research,Field,School,Outreach","Cardiac electrophysiology,Cardiotoxicity,Anatomy,Respiratory infections,Gastrointestinal infections","LIFE202,LIFE204,LIFE206,LIFE207,LIFE221,LIFE223,LIFE227,LIFE229,LIFE234,LIFE242"
201590227,Anatomy and Human Biology,"Health Research,Grant proposal,Laboratory,Field,Outreach","Neurobiology and Neuropathology,Biomechanics,Musculoskeletal ageing,Dental Innovation,Educational research","LIFE204,LIFE205,LIFE218,LIFE219,LIFE220,LIFE223,LIFE229,LIFE232,LIFE235"
201590418,Biological and Medical Sciences,"Laboratory,Data analysis,Health Research,Systematic Review,Outreach","Drug safety,Clinical drug development,Gastrointestinal infections,One health,Infection biology","LIFE202,LIFE204,LIFE206,LIFE207,LIFE221,LIFE223,LIFE225,LIFE227,LIFE229,LIFE234"
201591527,Biological and Medical Sciences,"Systematic Review,Data analysis,Laboratory,Health Research,Market Analysis","Drug safety,Gastrointestinal infections,Clinical drug development,Cardiotoxicity,Neurobiology and Neuropathology","LIFE204,LIFE206,LIFE207,LIFE221,LIFE229,LIFE234"
201599159,Microbiology and Infection,"Data analysis,Meta-analysis,Systematic Review,Health Research,Field","Cell signalling,Infection biology,Host-microbe biology and co-evolution,Drug discovery,Emerging infections and pandemic threats","LIFE202,LIFE209,LIFE210,LIFE221,LIFE223"
201600964,Zoology,"Laboratory,Field,Data analysis,Image analysis,Bioinformatics","Animal behaviour,Evolution and adaptation,Conservation  biology and environmental change,Ecology,Anatomy","LIFE204,LIFE211,LIFE212,LIFE213,LIFE214,LIFE225,LIFE228,LIFE230,LIFE233"
201608906,Biological Sciences,"Laboratory,Field,Meta-analysis,Data analysis,Systematic Review","Host-microbe biology and co-evolution,Infection biology,Parasitology and vector borne disease,Molecular cell biology,Cell signalling","LIFE201,LIFE202,LIFE209,LIFE210,LIFE213,LIFE223,LIFE225,LIFE228,LIFE236,LIFE237"
201610267,Biological and Medical Sciences,"Education Research,Health Research,Journalism,Data analysis,School","Cell signalling,Calcium regulation,Cancer genetics,Cancer cell signalling,Infection biology","LIFE202,LIFE204,LIFE207,LIFE208,LIFE221,LIFE223,LIFE225,LIFE227,LIFE228,LIFE229"
201610656,Microbiology and Infection,"Field,Data analysis,Meta-analysis,Laboratory,Health Research","Host-microbe biology and co-evolution,Infection biology,Respiratory infections,Emerging infections and pandemic threats,Gastrointestinal infections","LIFE202,LIFE208,LIFE209,LIFE210,LIFE221,LIFE223,LIFE225,LIFE226,LIFE227,LIFE228"
201610764,Biological and Medical Sciences,"Market Analysis,Journalism,Education Research,Health Research,Data analysis","One health,Gastrointestinal infections,Global health,Outreach and public engagement,Neurobiology and Neuropathology","LIFE202,LIFE204,LIFE206,LIFE207,LIFE209,LIFE223,LIFE225,LIFE227,LIFE229,LIFE234"
201611023,Biological Sciences,"Meta-analysis,Data analysis,Systematic Review,Laboratory,Field","Animal welfare research,Parasitology and vector borne disease,Ruminant health and welfare,Companion animals  and health data,Infection biology","LIFE211,LIFE212,LIFE215,LIFE216,LIFE217,LIFE223,LIFE227,LIFE228,LIFE233,LIFE239"
201611401,Biological and Medical Sciences,"Journalism,Systematic Review,Education Research,Health Research,Market Analysis","Dental Innovation,Clinical drug development,Drug discovery,Cancer medicine,Pre-clinical drug development","LIFE202,LIFE204,LIFE206,LIFE207,LIFE221,LIFE223,LIFE225,LIFE227,LIFE234,LIFE237"
201612698,Bioveterinary Sciences,"Bioinformatics,Field,Education Research,School,Health Research","Ruminant health and welfare,Animal welfare research,Outreach and public engagement,Animals in society,Biomechanics","LIFE211,LIFE212,LIFE215,LIFE216,LIFE217,LIFE223,LIFE227,LIFE230,LIFE239"
201612702,Biological and Medical Sciences,"Laboratory,Bioinformatics,Meta-analysis,Field,Data analysis","Gastrointestinal infections,Respiratory infections,Emerging infections and pandemic threats,Host-microbe biology and co-evolution,Infection biology","LIFE202,LIFE204,LIFE207,LIFE209,LIFE221,LIFE223,LIFE227,LIFE228,LIFE237,LIFE242"
201613157,Anatomy and Human Biology,"Health Research,Field,Outreach,School,Market Analysis","Anatomy,Biomechanics,Musculoskeletal biology,Gastrointestinal infections,Cardiotoxicity","LIFE205,LIFE218,LIFE219,LIFE223,LIFE229,LIFE232,LIFE235"
201613599,Biochemistry,"Laboratory,Bioinformatics,Data analysis,Grant proposal,Outreach","Cancer cell signalling,Cancer genetics,Calcium regulation,Cell signalling,Bioinformatics","LIFE201,LIFE202,LIFE203,LIFE207,LIFE223,LIFE224,LIFE227,LIFE237,LIFE242,LIFE245"
201613601,Biological and Medical Sciences,"Health Research,Laboratory,Data analysis,Education Research,Image analysis","Oral Microbiology,Dental Innovation,Cancer cell signalling,Ophthalmology - Tissue engineering and regenerative medicine,Cancer medicine","LIFE202,LIFE204,LIFE206,LIFE207,LIFE223,LIFE224,LIFE225,LIFE227,LIFE229,LIFE245"
201613647,Biological and Medical Sciences,"Journalism,School,Health Research,Outreach,Laboratory","Anatomy,Global health,Working with local schools,Emerging infections and pandemic threats,Gastrointestinal infections","LIFE202,LIFE204,LIFE205,LIFE207,LIFE221,LIFE223,LIFE227,LIFE229,LIFE234,LIFE242"
201613706,Zoology,"Field,Laboratory,GIS analysis,Computer modelling,Meta-analysis","Ecology,Conservation  biology and environmental change,Animal behaviour,Evolution and adaptation,Animals in society","LIFE211,LIFE212,LIFE213,LIFE214,LIFE223,LIFE230,LIFE233,LIFE238,LIFE243"
201613746,Biological Sciences,"Systematic Review,Market Analysis,Health Research,Laboratory,Meta-analysis","Global health,One health,Animals in society,Emerging infections and pandemic threats,Companion animals  and health data","LIFE211,LIFE212,LIFE213,LIFE214,LIFE216,LIFE223,LIFE230,LIFE233,LIFE236,LIFE237"
201614388,Biological and Medical Sciences,"Laboratory,Image analysis,Health Research,Data analysis,Meta-analysis","Neurobiology and Neuropathology,Respiratory infections,Global health,Emerging infections and pandemic threats,Gastrointestinal infections","LIFE202,LIFE204,LIFE206,LIFE207,LIFE221,LIFE223,LIFE225,LIFE227,LIFE229,LIFE236"
201614724,Biochemistry,"Laboratory,Health Research,Data analysis,School,Education Research","Cell signalling,Calcium regulation,Cardiotoxicity,Sepsis and acute inflammatory conditions,Educational research","LIFE201,LIFE202,LIFE203,LIFE204,LIFE223,LIFE224,LIFE225,LIFE227,LIFE237,LIFE245"
201615454,Bioveterinary Sciences,"Data analysis,Computational project,Computer modelling,Systematic Review,Laboratory","Ruminant health and welfare,Animal welfare research,Companion animals  and health data,Infection biology,Parasitology and vector borne disease","LIFE211,LIFE215,LIFE216,LIFE217,LIFE223,LIFE225,LIFE227,LIFE230,LIFE239,LIFE240"
201615709,Biological Sciences,"Health Research,Systematic Review,Meta-analysis,Outreach,Market Analysis","Neurobiology and Neuropathology,Cell signalling,Biomechanics,Musculoskeletal biology,Musculoskeletal ageing","LIFE201,LIFE202,LIFE204,LIFE205,LIFE221,LIFE223,LIFE227,LIFE229,LIFE232,LIFE236"
201615859,Biological and Medical Sciences,"Meta-analysis,Health Research,Data analysis,Bioinformatics,Education Research","Anatomy,Cancer medicine,Neurobiology and Neuropathology,Global health,Protein structure and function","LIFE202,LIFE204,LIFE207,LIFE208,LIFE221,LIFE223,LIFE227,LIFE229,LIFE236,LIFE242"
201615881,Biological and Medical Sciences,"Laboratory,Data analysis,Health Research,Field,Journalism","Cancer genetics,Cancer immunology,Cardiac electrophysiology,Evolution and adaptation,Musculoskeletal ageing","LIFE202,LIFE204,LIFE205,LIFE207,LIFE208,LIFE223,LIFE225,LIFE227,LIFE228,LIFE229"
201615916,Biological and Medical Sciences,"Laboratory,Data analysis,Grant proposal,Market Analysis,Bioinformatics","Cancer genetics,Cancer immunology,Neurobiology and Neuropathology,Drug discovery,Pre-clinical drug development","LIFE202,LIFE204,LIFE206,LIFE207,LIFE221,LIFE223,LIFE225,LIFE227,LIFE229,LIFE234"
201616177,Biochemistry,"Meta-analysis,Data analysis,Bioinformatics,Computer modelling,Computational project","Cancer genetics,Cancer cell signalling,Bioinformatics,Development,Multi-omics","LIFE201,LIFE202,LIFE203,LIFE208,LIFE223,LIFE224,LIFE225,LIFE227,LIFE237,LIFE245"
201616351,Biological and Medical Sciences,"Meta-analysis,Health Research,Journalism,Data analysis,Systematic Review","Emerging infections and pandemic threats,Gastrointestinal infections,Dental Innovation,Respiratory infections,Cardiotoxicity","LIFE202,LIFE204,LIFE206,LIFE207,LIFE221,LIFE223,LIFE225,LIFE227,LIFE229,LIFE234"
201616465,Biological and Medical Sciences,"Health Research,Market Analysis,Systematic Review,Meta-analysis,Data analysis","Global health,Emerging infections and pandemic threats,Drug discovery,Clinical drug development,Cancer immunology","LIFE202,LIFE204,LIFE206,LIFE207,LIFE221,LIFE223,LIFE225,LIFE227,LIFE229,LIFE234"
201616479,Biological Sciences,"Data analysis,Laboratory,Bioinformatics,Meta-analysis,Health Research","Sepsis and acute inflammatory conditions,Respiratory infections,Infection biology,Host-microbe biology and co-evolution,Oral Microbiology","LIFE202,LIFE207,LIFE209,LIFE210,LIFE221,LIFE223,LIFE227,LIFE228,LIFE234,LIFE237"
201616557,Biological and Medical Sciences,"Health Research,Data analysis,Meta-analysis,Systematic Review,Market Analysis","Cancer immunology,Infection biology,Biomechanics,Cancer cell signalling,Cancer genetics","LIFE202,LIFE204,LIFE206,LIFE207,LIFE227"
201616974,Bioveterinary Sciences,"Health Research,Journalism,Data analysis,Meta-analysis,Field","Companion animals  and health data,Animal behaviour,Evolution and adaptation,Animals in society,Animal welfare research","LIFE211,LIFE212,LIFE215,LIFE216,LIFE217,LIFE223,LIFE225,LIFE227,LIFE230,LIFE239"
201616975,Biological Sciences,"Data analysis,Systematic Review,Grant proposal,Meta-analysis,Laboratory","Neurobiology and Neuropathology,Sepsis and acute inflammatory conditions,Gastrointestinal infections,Respiratory infections,Musculoskeletal ageing","LIFE204,LIFE205,LIFE206,LIFE207,LIFE221,LIFE223,LIFE227,LIFE229,LIFE232,LIFE234"
201617123,Biological and Medical Sciences,"Field,School,Laboratory,Education Research,Outreach","Cell signalling,Educational research,Musculoskeletal biology,Designing educational resources,Musculoskeletal ageing","LIFE202,LIFE204,LIFE205,LIFE206,LIFE207,LIFE223,LIFE225,LIFE227,LIFE229,LIFE234"
201617155,Anatomy and Human Biology,"Meta-analysis,Health Research,Data analysis,Systematic Review,Market Analysis","Cardiotoxicity,Musculoskeletal ageing,Sepsis and acute inflammatory conditions,Biomechanics,Gastrointestinal infections","LIFE204,LIFE205,LIFE218,LIFE219,LIFE220,LIFE223,LIFE229,LIFE232,LIFE235"
201617527,Biological Sciences,"Computational project,Computer modelling,Laboratory,Data analysis,Bioinformatics","Protein structure and function,Molecular cell biology,Cell signalling,Drug discovery,Bioinformatics","LIFE201,LIFE203,LIFE210,LIFE213,LIFE223,LIFE225,LIFE228,LIFE237,LIFE245"
201617670,Bioveterinary Sciences,"Field,Laboratory,Health Research,Image analysis,Data analysis","Musculoskeletal biology,Musculoskeletal ageing,Companion animals  and health data,Ruminant health and welfare,Animal welfare research","LIFE211,LIFE212,LIFE215,LIFE216,LIFE217,LIFE223,LIFE227,LIFE230,LIFE237,LIFE239"
201617696,Anatomy and Human Biology,"Laboratory,Health Research,Systematic Review,Meta-analysis,Data analysis","Cardioprotection,Sepsis and acute inflammatory conditions,Dental Innovation,Musculoskeletal biology,Anatomy","LIFE204,LIFE205,LIFE218,LIFE219,LIFE220,LIFE223,LIFE229,LIFE232,LIFE235"
201617859,Biological and Medical Sciences,"Meta-analysis,Systematic Review,Data analysis,Education Research,Health Research","Drug safety,Anatomy,Dental Innovation,Drug discovery,Clinical drug development","LIFE202,LIFE204,LIFE205,LIFE207,LIFE221,LIFE223,LIFE227,LIFE229,LIFE234,LIFE242"
201617869,Biological and Medical Sciences,"Laboratory,Health Research,Data analysis,Systematic Review,Meta-analysis","Parasitology and vector borne disease,Infection biology,Biomechanics,Respiratory infections,Cardiac electrophysiology","LIFE202,LIFE204,LIFE207,LIFE209,LIFE221,LIFE223,LIFE227,LIFE229,LIFE236,LIFE242"
201617873,Anatomy and Human Biology,"School,Education Research,Grant proposal,Outreach,Health Research","Dental Innovation,Working with local schools,Anatomy,Educational research,Practical curriculum development","LIFE204,LIFE205,LIFE218,LIFE219,LIFE220,LIFE223,LIFE229,LIFE232,LIFE235"
201617954,Biological and Medical Sciences,"School,Education Research,Journalism,Outreach,Market Analysis","Designing educational resources,Working with local schools,Educational research,Outreach and public engagement,Cancer outreach","LIFE202,LIFE204,LIFE205,LIFE206,LIFE207,LIFE223,LIFE225,LIFE227,LIFE229,LIFE236"
201617986,Biochemistry,"Laboratory,Image analysis,Bioinformatics,Data analysis,Journalism","Cancer immunology,Cancer genetics,Cancer cell signalling,Cell signalling,Molecular cell biology","LIFE201,LIFE202,LIFE203,LIFE221,LIFE223,LIFE224,LIFE227,LIFE237,LIFE242,LIFE245"
201618171,Biological and Medical Sciences,"Meta-analysis,Systematic Review,Data analysis,Health Research,Market Analysis","Drug discovery,Drug safety,Clinical drug development,Pre-clinical drug development,Anatomy","LIFE202,LIFE204,LIFE206,LIFE207,LIFE221,LIFE223,LIFE225,LIFE227,LIFE229,LIFE234"
201618281,Biochemistry,"Data analysis,Bioinformatics,Computational project,Computer modelling,Image analysis","Multi-omics,Bioinformatics,Protein structure and function,Drug discovery,Cancer immunology","LIFE201,LIFE202,LIFE203,LIFE208,LIFE223,LIFE224,LIFE225,LIFE227,LIFE237,LIFE245"
201618601,Biological and Medical Sciences,"Laboratory,Image analysis,Health Research,Data analysis,Market Analysis","Drug safety,Cancer cell signalling,Ophthalmology - image analysis,Molecular cell biology,Outreach and public engagement","LIFE202,LIFE204,LIFE207,LIFE208,LIFE221,LIFE223,LIFE225,LIFE227,LIFE229,LIFE234"
201618650,Bioveterinary Sciences,"Field,Meta-analysis,Health Research,Laboratory,Image analysis","Musculoskeletal ageing,Musculoskeletal biology,Anatomy,Animals in society,Animal welfare research","LIFE211,LIFE212,LIFE215,LIFE216,LIFE217,LIFE223,LIFE227,LIFE230,LIFE237,LIFE239"
201618655,Anatomy and Human Biology,"Field,Laboratory,Image analysis,Health Research,Systematic Review","Dental Innovation,Development,Anatomy,Cardiotoxicity,Sepsis and acute inflammatory conditions","LIFE204,LIFE205,LIFE218,LIFE219,LIFE220,LIFE223,LIFE229,LIFE232,LIFE235"
201618720,Biological and Medical Sciences,"Laboratory,Data analysis,Meta-analysis,Field,Health Research","Cancer genetics,Cancer microenvironment,Drug safety,Cancer cell signalling,Clinical drug development","LIFE201,LIFE202,LIFE204,LIFE206,LIFE207,LIFE223,LIFE225,LIFE227,LIFE229,LIFE234"
201618812,Biological and Medical Sciences,"Laboratory,Education Research,Outreach,Health Research,School","Neurobiology and Neuropathology,Anatomy,Global health,Structural biology,One health","LIFE202,LIFE204,LIFE207,LIFE221,LIFE223,LIFE225,LIFE227"
201618855,Anatomy and Human Biology,"Health Research,Laboratory,Data analysis,Systematic Review,Image analysis","Musculoskeletal ageing,Anatomy,Cardiac electrophysiology,Ophtalmology - Tissue engineering and regenerative medicine,Sepsis and acute inflammatory conditions","LIFE204,LIFE205,LIFE218,LIFE219,LIFE220,LIFE223,LIFE229,LIFE232,LIFE235"
201618916,Biological and Medical Sciences,"Outreach,Health Research,Market Analysis,Systematic Review,Meta-analysis","Cancer outreach,Clinical drug development,Drug safety,Cancer genetics,Outreach and public engagement","LIFE202,LIFE204,LIFE206,LIFE207,LIFE221,LIFE223,LIFE225,LIFE227,LIFE229,LIFE234"
201618957,Biological and Medical Sciences,"Laboratory,Computer modelling,Data analysis,Systematic Review,Meta-analysis","Infection biology,Cancer immunology,Respiratory infections,Clinical drug development,Molecular cell biology","LIFE202,LIFE204,LIFE207,LIFE208,LIFE221,LIFE225,LIFE227,LIFE228,LIFE237"
201618981,Biological Sciences,"Market Analysis,Data analysis,Journalism,Outreach,Meta-analysis","Global health,Outreach and public engagement,Cancer outreach,Emerging infections and pandemic threats,One health","LIFE202,LIFE204,LIFE207,LIFE211,LIFE217,LIFE223,LIFE227,LIFE229,LIFE232,LIFE239"
201618983,Biological Sciences,"Journalism,Systematic Review,Outreach,Education Research,Market Analysis","Cardiotoxicity,Drug safety,Clinical drug development,Drug discovery,Cancer outreach","LIFE202,LIFE207,LIFE208,LIFE210,LIFE221,LIFE223,LIFE227,LIFE234,LIFE237,LIFE242"
201618996,Biochemistry,"Laboratory,Health Research,Meta-analysis,Systematic Review,Grant proposal","Infection biology,Host-microbe biology and co-evolution,Molecular cell biology,Cardiotoxicity,Cell signalling","LIFE201,LIFE202,LIFE203,LIFE209,LIFE223,LIFE224,LIFE227,LIFE237,LIFE242,LIFE245"
201619059,Biological and Medical Sciences,"School,Education Research,Systematic Review,Meta-analysis,Journalism","Working with local schools,Educational research,Practical curriculum development,Pre-clinical drug development,Designing educational resources","LIFE202,LIFE204,LIFE206,LIFE207,LIFE221,LIFE223"
201619139,Anatomy and Human Biology,"Outreach,Laboratory,Health Research,Image analysis,Market Analysis","Anatomy,Gastrointestinal infections,Cancer outreach,Drug discovery,Sepsis and acute inflammatory conditions","LIFE204,LIFE205,LIFE218,LIFE219,LIFE220,LIFE223,LIFE229,LIFE232,LIFE235"
201619157,Biological and Medical Sciences,"Data analysis,Meta-analysis,Health Research,Field,Systematic Review","Cancer cell signalling,Cardiotoxicity,Respiratory infections,Cancer immunology,Gastrointestinal infections","LIFE202,LIFE204,LIFE205,LIFE206,LIFE207,LIFE223,LIFE225,LIFE229,LIFE236"
201619232,Anatomy and Human Biology,"Field,Laboratory,Outreach,Bioinformatics,Health Research","Anatomy,Musculoskeletal biology,Development,Drug discovery,Biomechanics","LIFE204,LIFE207,LIFE218,LIFE219,LIFE220,LIFE223,LIFE229,LIFE234,LIFE235"
201619383,Biological and Medical Sciences,"Image analysis,Laboratory,Journalism,Computer modelling,Health Research","Cancer cell signalling,Musculoskeletal ageing,Cancer genetics,Cancer microenvironment,Neurobiology and Neuropathology","LIFE202,LIFE204,LIFE205,LIFE207,LIFE208,LIFE223,LIFE225,LIFE227,LIFE229,LIFE234"
201619524,Biochemistry,"Laboratory,Health Research,Bioinformatics,Data analysis,Field","Drug discovery,Pre-clinical drug development,Cancer medicine,Molecular cell biology,Drug safety","LIFE201,LIFE202,LIFE203,LIFE207,LIFE223,LIFE224,LIFE227,LIFE237,LIFE242,LIFE245"
201620179,Anatomy and Human Biology,"Laboratory,Field,Health Research,Image analysis,Computer modelling","Neurobiology and Neuropathology,Ophthalmology - Tissue engineering and regenerative medicine,Anatomy,Drug discovery,Ophthalmology - image analysis","LIFE204,LIFE205,LIFE218,LIFE219,LIFE220,LIFE223,LIFE229,LIFE232,LIFE235"
201620295,Biological and Medical Sciences,"Laboratory,Meta-analysis,Computer modelling,Data analysis,Image analysis","Cell signalling,Molecular cell biology,Cancer cell signalling,Calcium regulation,Cancer microenvironment","LIFE201,LIFE202,LIFE204,LIFE207,LIFE208,LIFE223,LIFE224,LIFE225,LIFE227,LIFE237"
201620540,Biochemistry,"Laboratory,Meta-analysis,Health Research,Data analysis,Grant proposal","Drug discovery,Cardiotoxicity,Dental Innovation,Pre-clinical drug development,Protein structure and function","LIFE201,LIFE202,LIFE203,LIFE207,LIFE223,LIFE224,LIFE227,LIFE237,LIFE242,LIFE245"
201620697,Zoology,"Field,Data analysis,Laboratory,Meta-analysis,Computer modelling","Conservation  biology and environmental change,Evolution and adaptation,Ecology,Animal behaviour,Development","LIFE208,LIFE211,LIFE213,LIFE214,LIFE223,LIFE230,LIFE233,LIFE238,LIFE243"
201620708,Biochemistry,"Market Analysis,Laboratory,Field,School,Education Research","Sepsis and acute inflammatory conditions,Neurobiology and Neuropathology,Cancer genetics,Musculoskeletal ageing,Cancer cell signalling","LIFE201,LIFE202,LIFE203,LIFE207,LIFE224,LIFE227,LIFE237,LIFE242,LIFE245"
201620741,Anatomy and Human Biology,"Health Research,Systematic Review,Laboratory,Meta-analysis,Data analysis","Cardioprotection,Cardiotoxicity,Sepsis and acute inflammatory conditions,Gastrointestinal infections,Cardiac electrophysiology","LIFE204,LIFE205,LIFE218,LIFE219,LIFE220,LIFE223,LIFE229,LIFE232,LIFE235"
201620916,Biochemistry,"Laboratory,Systematic Review,Data analysis,Meta-analysis,Health Research","Cancer medicine,Drug discovery,Drug safety,Cancer cell signalling,Neurobiology and Neuropathology","LIFE201,LIFE202,LIFE203,LIFE207,LIFE223,LIFE224,LIFE227,LIFE237,LIFE242,LIFE245"
201621226,Bioveterinary Sciences,"Field,Laboratory,Meta-analysis,Data analysis,Image analysis","Ruminant health and welfare,Animal welfare research,Animal behaviour,Wildlife and zoonotic disease,Companion animals  and health data","LIFE212,LIFE215,LIFE216,LIFE217,LIFE223,LIFE225,LIFE227,LIFE230,LIFE239,LIFE240"
201621718,Anatomy and Human Biology,"Laboratory,Health Research,Outreach,School,Education Research","Anatomy,Neurobiology and Neuropathology,Musculoskeletal biology,Cardiotoxicity,Gastrointestinal infections","LIFE204,LIFE218,LIFE219,LIFE220,LIFE232,LIFE235"
201621958,Zoology,"School,Laboratory,Education Research,Data analysis,Bioinformatics","Working with local schools,Development,Evolution and adaptation,Educational research,Practical curriculum development","LIFE205,LIFE212,LIFE213,LIFE214,LIFE223,LIFE226,LIFE230,LIFE238"
201623691,Anatomy and Human Biology,"Laboratory,Education Research,School,Health Research,Outreach","Anatomy,Cardioprotection,Musculoskeletal biology,Neurobiology and Neuropathology,Sepsis and acute inflammatory conditions","LIFE204,LIFE205,LIFE218,LIFE219,LIFE220,LIFE223,LIFE229,LIFE232,LIFE235"
201624395,Biochemistry,"Laboratory,Bioinformatics,Data analysis,Computer modelling,Computational project","Drug discovery,Infection biology,Cancer immunology,Protein structure and function,Bioinformatics","LIFE201,LIFE202,LIFE203,LIFE207,LIFE223,LIFE224,LIFE227,LIFE237,LIFE242,LIFE245"
201624397,Anatomy and Human Biology,"Laboratory,Outreach,Field,Data analysis,Health Research","Cardiac electrophysiology,Anatomy,Gastrointestinal infections,Neurobiology and Neuropathology,Working with local schools","LIFE204,LIFE205,LIFE218,LIFE219,LIFE220,LIFE223,LIFE229,LIFE232,LIFE235"
201624576,Biological and Medical Sciences,"Laboratory,Meta-analysis,Data analysis,Systematic Review,Image analysis","Cancer cell signalling,Musculoskeletal ageing,Ophthalmology - Tissue engineering and regenerative medicine,Protein structure and function,Oral Microbiology","LIFE202,LIFE204,LIFE205,LIFE207,LIFE208,LIFE223,LIFE225,LIFE227,LIFE228"
201624987,Biological and Medical Sciences,"Systematic Review,Laboratory,Computational project,Image analysis,Health Research","Cancer immunology,Infection biology,Clinical drug development,Cancer cell signalling,Drug safety","LIFE202,LIFE204,LIFE206,LIFE207,LIFE221,LIFE223,LIFE225,LIFE227,LIFE228,LIFE236"
201625750,Microbiology and Infection,"Systematic Review,Meta-analysis,Data analysis,Health Research,Laboratory","Global health,Emerging infections and pandemic threats,Gastrointestinal infections,One health,Wildlife and zoonotic disease","LIFE202,LIFE208,LIFE210,LIFE221,LIFE223,LIFE227,LIFE228,LIFE236,LIFE237"
201626392,Biochemistry,"Laboratory,Bioinformatics,Systematic Review,Meta-analysis,Journalism","Cancer genetics,Calcium regulation,Systems pharmacology and information science,Infection biology,Protein structure and function","LIFE201,LIFE202,LIFE203,LIFE210,LIFE223,LIFE224,LIFE225,LIFE227,LIFE237,LIFE245"
201626748,Biological and Medical Sciences,"Laboratory,Health Research,Data analysis,Meta-analysis,Systematic Review","Cancer genetics,Clinical drug development,Drug discovery,Cancer cell signalling,Cell signalling","LIFE201,LIFE202,LIFE206,LIFE207,LIFE234"
201626797,Biological Sciences,"Laboratory,Health Research,Computer modelling,Image analysis,Data analysis","Cancer medicine,Cancer immunology,Cancer genetics,Cancer cell signalling,Infection biology","LIFE201,LIFE202,LIFE208,LIFE209,LIFE223,LIFE225,LIFE226,LIFE228,LIFE237"
201628545,Biological and Medical Sciences,"Laboratory,Health Research,Bioinformatics,Meta-analysis,Field","Cardiotoxicity,Cardiac electrophysiology,Drug safety,Sepsis and acute inflammatory conditions,Musculoskeletal biology","LIFE206,LIFE207,LIFE209,LIFE229,LIFE234"
201628736,Biochemistry,"Laboratory,Data analysis,Systematic Review,Bioinformatics,Health Research","Cancer genetics,Infection biology,Molecular cell biology,Host-microbe biology and co-evolution,Cancer immunology","LIFE201,LIFE202,LIFE203,LIFE221,LIFE223,LIFE224,LIFE227,LIFE237,LIFE242,LIFE245"
201628744,Biochemistry,"Field,Laboratory,Image analysis,Computer modelling,Health Research","Cardiotoxicity,Neurobiology and Neuropathology,Cancer cell signalling,Cancer immunology,Sepsis and acute inflammatory conditions","LIFE201,LIFE202,LIFE203,LIFE207,LIFE223,LIFE224,LIFE227,LIFE237,LIFE242,LIFE245"
201628776,Biological and Medical Sciences,"Bioinformatics,Computational project,Computer modelling,Data analysis,Laboratory","Neurobiology and Neuropathology,Clinical drug development,Biomechanics,Drug safety,Emerging infections and pandemic threats","LIFE201,LIFE202,LIFE204,LIFE207,LIFE221,LIFE223,LIFE227,LIFE229,LIFE234,LIFE242"
201628780,Biological Sciences,"Systematic Review,Meta-analysis,Data analysis,Health Research,Laboratory","Respiratory infections,Infection biology,Emerging infections and pandemic threats,Sepsis and acute inflammatory conditions,Cancer immunology","LIFE202,LIFE204,LIFE206,LIFE207,LIFE209,LIFE223,LIFE225,LIFE229,LIFE232,LIFE236"
201629199,Biochemistry,"Bioinformatics,Computational project,Computer modelling,Data analysis,Health Research","Protein structure and function,Bioinformatics,Structural biology,Drug discovery,Molecular cell biology","LIFE201,LIFE202,LIFE203,LIFE207,LIFE223,LIFE224,LIFE227,LIFE237,LIFE242,LIFE245"
201629746,Biological Sciences,"Systematic Review,Journalism,Outreach,Laboratory,Meta-analysis","Drug safety,Neurobiology and Neuropathology,Molecular cell biology,Anatomy,Calcium regulation","LIFE204,LIFE206,LIFE207,LIFE209,LIFE221,LIFE223,LIFE227,LIFE229,LIFE232,LIFE234"
201629781,Zoology,"Field,Meta-analysis,Data analysis,Education Research,Laboratory","Conservation  biology and environmental change,Animal behaviour,Ecology,Evolution and adaptation,Animal welfare research","LIFE213,LIFE214,LIFE221,LIFE223,LIFE230,LIFE233,LIFE238,LIFE243"
201629822,Biochemistry,"Laboratory,Bioinformatics,Computer modelling,Data analysis,Computational project","Cancer cell signalling,Cancer genetics,Protein structure and function,Molecular cell biology,Cell signalling","LIFE201,LIFE202,LIFE203,LIFE223,LIFE224,LIFE225,LIFE227,LIFE237,LIFE245"
201630091,Microbiology and Infection,"Health Research,Computer modelling,Data analysis,Systematic Review,Grant proposal","Evolution and adaptation,Host-microbe biology and co-evolution,Conservation  biology and environmental change,Gastrointestinal infections,Multi-omics","LIFE201,LIFE203,LIFE208,LIFE209,LIFE210,LIFE223,LIFE225,LIFE226,LIFE227,LIFE228"
201630100,Biological and Medical Sciences,"Laboratory,Field,Data analysis,Bioinformatics,Journalism","Clinical drug development,Cancer cell signalling,Drug safety,Cell signalling,Calcium regulation","LIFE201,LIFE202,LIFE204,LIFE206,LIFE207,LIFE223,LIFE225,LIFE227,LIFE229,LIFE234"
201630790,Anatomy and Human Biology,"Laboratory,Journalism,Field,Health Research,Data analysis","Cancer immunology,Gastrointestinal infections,Cardiac electrophysiology,Biomechanics,Anatomy","LIFE204,LIFE205,LIFE218,LIFE219,LIFE220,LIFE223,LIFE229,LIFE232,LIFE235"
201630804,Zoology,"Field,Laboratory,Grant proposal,Systematic Review,GIS analysis","Conservation  biology and environmental change,Animal behaviour,Ecology,Evolution and adaptation,Wildlife and zoonotic disease","LIFE211,LIFE212,LIFE213,LIFE214,LIFE223,LIFE230,LIFE233,LIFE238,LIFE243"
201631174,Bioveterinary Sciences,"Laboratory,Health Research,Field,Image analysis,Meta-analysis","Infection biology,Wildlife and zoonotic disease,Parasitology and vector borne disease,Animals in society,Musculoskeletal ageing","LIFE212,LIFE215,LIFE216,LIFE217,LIFE223,LIFE227,LIFE230,LIFE237,LIFE239,LIFE240"
201631309,Bioveterinary Sciences,"Field,School,Laboratory,Image analysis,Outreach","Infection biology,Development,Working with local schools,Anatomy,Animal welfare research","LIFE212,LIFE213,LIFE214,LIFE215,LIFE216,LIFE217,LIFE227,LIFE230,LIFE237,LIFE239"
201631548,Anatomy and Human Biology,"Field,Image analysis,Outreach,Journalism,Health Research","Cancer outreach,Emerging infections and pandemic threats,Ophtalmology - image analysis,Drug discovery,Infection biology","LIFE202,LIFE205,LIFE218,LIFE219,LIFE220,LIFE223,LIFE229,LIFE232,LIFE235"
201632004,Biological Sciences,"Laboratory,Bioinformatics,Computer modelling,Systematic Review,Grant proposal","Cancer cell signalling,Cancer genetics,Protein structure and function,Drug discovery,Cancer immunology","LIFE201,LIFE202,LIFE206,LIFE207,LIFE209,LIFE223,LIFE227,LIFE232,LIFE233,LIFE234"
201632131,Biological and Medical Sciences,"Journalism,Meta-analysis,Data analysis,Systematic Review,Computer modelling","One health,Evolution and adaptation,Global health,Protein structure and function,Emerging infections and pandemic threats","LIFE201,LIFE202,LIFE204,LIFE206,LIFE207,LIFE223,LIFE225,LIFE227,LIFE228,LIFE234"
201632155,Biochemistry,"Bioinformatics,Computer modelling,Image analysis,Data analysis,Computational project","Systems pharmacology and information science,Neurobiology and Neuropathology,Cell signalling,Bioinformatics,Drug discovery","LIFE201,LIFE202,LIFE203,LIFE207,LIFE223,LIFE224,LIFE227,LIFE237,LIFE242,LIFE245"
201632347,Anatomy and Human Biology,"Laboratory,Health Research,Image analysis,Meta-analysis,Systematic Review","Neurobiology and Neuropathology,Anatomy,Cardioprotection,Musculoskeletal ageing,Musculoskeletal biology","LIFE204,LIFE218,LIFE219,LIFE220,LIFE235"
201632760,Biochemistry,"Laboratory,Bioinformatics,Systematic Review,Health Research,Field","Musculoskeletal ageing,Pre-clinical drug development,Drug discovery,Cardiotoxicity,Drug safety","LIFE201,LIFE202,LIFE203,LIFE207,LIFE223,LIFE224,LIFE227,LIFE237,LIFE242,LIFE245"
201632936,Bioveterinary Sciences,"Bioinformatics,Health Research,Field,Laboratory,Journalism","Wildlife and zoonotic disease,Anatomy,Companion animals  and health data,Neurobiology and Neuropathology,Ruminant health and welfare","LIFE211,LIFE212,LIFE215,LIFE216,LIFE217,LIFE230,LIFE239"
201633145,Biological and Medical Sciences,"Laboratory,Data analysis,Meta-analysis,Health Research,Systematic Review","Neurobiology and Neuropathology,Molecular cell biology,Cell signalling,Cancer genetics,Drug discovery","LIFE201,LIFE202,LIFE204,LIFE206,LIFE207,LIFE223,LIFE224,LIFE225,LIFE227,LIFE237"
201634364,Biological and Medical Sciences,"Systematic Review,Laboratory,Health Research,Grant proposal,Data analysis","Cancer medicine,Cancer immunology,Infection biology,Cancer microenvironment,Respiratory infections","LIFE202,LIFE204,LIFE206,LIFE207,LIFE221,LIFE223,LIFE225,LIFE227,LIFE228,LIFE229"
201634507,Biological and Medical Sciences,"Health Research,Laboratory,Data analysis,Market Analysis,Systematic Review","Sepsis and acute inflammatory conditions,Drug safety,Anatomy,Musculoskeletal biology,Global health","LIFE202,LIFE204,LIFE206,LIFE207,LIFE221,LIFE223,LIFE225,LIFE227,LIFE229,LIFE236"
201634585,Zoology,"Field,Laboratory,Data analysis,Grant proposal,Health Research","Conservation  biology and environmental change,Wildlife and zoonotic disease,Evolution and adaptation,Animal behaviour,Host-microbe biology and co-evolution","LIFE211,LIFE212,LIFE213,LIFE214,LIFE223,LIFE230,LIFE233,LIFE238,LIFE243"
201635170,Zoology,"Field,Outreach,Education Research,Journalism,Laboratory","Conservation  biology and environmental change,Animal behaviour,Evolution and adaptation,Animals in society,Companion animals  and health data","LIFE211,LIFE212,LIFE213,LIFE223,LIFE230,LIFE238,LIFE243"
201635196,Biological Sciences,"Laboratory,Field,Data analysis,Bioinformatics,Meta-analysis","Cancer genetics,Conservation  biology and environmental change,Cancer cell signalling,Parasitology and vector borne disease,Wildlife and zoonotic disease","LIFE201,LIFE202,LIFE208,LIFE214,LIFE221,LIFE223,LIFE227,LIFE233,LIFE238,LIFE242"
201635552,Anatomy and Human Biology,"Laboratory,Field,Health Research,Journalism,Data analysis","Biomechanics,Musculoskeletal biology,Anatomy,Neurobiology and Neuropathology,Musculoskeletal ageing","LIFE204,LIFE205,LIFE218,LIFE219,LIFE220,LIFE223,LIFE229,LIFE232,LIFE235"
201635873,Anatomy and Human Biology,"Health Research,Market Analysis,Education Research,Grant proposal,Meta-analysis","Anatomy,Systems pharmacology and information science,Designing educational resources,Working with local schools,Educational research","LIFE204,LIFE207,LIFE218,LIFE219,LIFE220,LIFE223,LIFE229,LIFE234,LIFE235"
201636218,Biological Sciences,"Meta-analysis,Health Research,Grant proposal,Computational project,Field","Neurobiology and Neuropathology,Cell signalling,Calcium regulation,Drug discovery,Cardiac electrophysiology","LIFE202,LIFE204,LIFE206,LIFE207,LIFE221,LIFE223,LIFE225,LIFE229,LIFE232,LIFE234"
201636363,Microbiology and Infection,"Field,Journalism,Systematic Review,Laboratory,Health Research","Emerging infections and pandemic threats,Global health,Parasitology and vector borne disease,Host-microbe biology and co-evolution,Infection biology","LIFE208,LIFE209,LIFE210,LIFE216,LIFE221,LIFE223,LIFE227,LIFE228,LIFE236,LIFE237"
201636599,Anatomy and Human Biology,"Systematic Review,Health Research,Meta-analysis,Laboratory,Data analysis","Cardiotoxicity,Cancer medicine,Cardiac electrophysiology,Cardioprotection,Neurobiology and Neuropathology","LIFE204,LIFE205,LIFE218,LIFE219,LIFE220,LIFE223,LIFE229,LIFE232,LIFE235"
201636636,Biological and Medical Sciences,"Market Analysis,Outreach,Journalism,Education Research,Laboratory","Global health,Emerging infections and pandemic threats,Parasitology and vector borne disease,Infection biology,One health","LIFE202,LIFE204,LIFE205,LIFE207,LIFE221,LIFE223,LIFE227,LIFE229,LIFE236,LIFE242"
201639766,Zoology,"Field,Journalism,Grant proposal,Education Research,Outreach","Conservation  biology and environmental change,Animal behaviour,Ecology,Evolution and adaptation,Designing educational resources","LIFE205,LIFE211,LIFE212,LIFE214,LIFE223,LIFE230,LIFE233,LIFE238,LIFE243"
201639819,Anatomy and Human Biology,"Laboratory,Health Research,Systematic Review,Meta-analysis,Outreach","Anatomy,Sepsis and acute inflammatory conditions,Gastrointestinal infections,Cardioprotection,Musculoskeletal ageing","LIFE204,LIFE205,LIFE218,LIFE219,LIFE220,LIFE223,LIFE229,LIFE232,LIFE235"
201639987,Zoology,"Field,Journalism,Education Research,Market Analysis,GIS analysis","Conservation  biology and environmental change,Ecology,Animal behaviour,Evolution and adaptation,Outreach and public engagement","LIFE211,LIFE212,LIFE213,LIFE214,LIFE223,LIFE230,LIFE233,LIFE238,LIFE243"
201640036,Biological and Medical Sciences,"Laboratory,Image analysis,Field,Outreach,Market Analysis","Neurobiology and Neuropathology,Musculoskeletal ageing,Drug safety,Pre-clinical drug development,Clinical drug development","LIFE202,LIFE204,LIFE206,LIFE207,LIFE223,LIFE225,LIFE227,LIFE229,LIFE234,LIFE245"
201640551,Biological and Medical Sciences,"Laboratory,Grant proposal,Health Research,Education Research,Outreach","Clinical drug development,Emerging infections and pandemic threats,Gastrointestinal infections,Global health,Musculoskeletal ageing","LIFE202,LIFE204,LIFE206,LIFE207,LIFE221,LIFE223,LIFE225,LIFE227,LIFE229,LIFE234"
201640686,Zoology,"Field,Laboratory,Meta-analysis,Health Research,Outreach","One health,Animal behaviour,Wildlife and zoonotic disease,Conservation  biology and environmental change,Evolution and adaptation","LIFE211,LIFE212,LIFE213,LIFE214,LIFE215,LIFE223,LIFE230,LIFE238,LIFE243"
201640745,Biological Sciences,"Systematic Review,Health Research,Meta-analysis,Market Analysis,Journalism","Cardiotoxicity,Clinical drug development,Drug safety,Neurobiology and Neuropathology,Musculoskeletal ageing","LIFE202,LIFE204,LIFE205,LIFE206,LIFE207,LIFE223,LIFE227,LIFE229,LIFE232,LIFE234"
201640763,Biological Sciences,"Health Research,Market Analysis,Journalism,Outreach,Grant proposal","Cell signalling,Drug safety,Ophthalmology - in vitro model design,Drug discovery,Host-microbe biology and co-evolution","LIFE202,LIFE209,LIFE210,LIFE211,LIFE221,LIFE223,LIFE227,LIFE230,LIFE233,LIFE238"
201640928,Biological Sciences,"Meta-analysis,Systematic Review,Grant proposal,Data analysis,Health Research","Development,Cancer genetics,Multi-omics,Cancer cell signalling,Protein structure and function","LIFE201,LIFE202,LIFE204,LIFE207,LIFE208,LIFE223,LIFE226,LIFE227,LIFE229,LIFE232"
201640938,Biological Sciences,"Data analysis,Journalism,Meta-analysis,Market Analysis,Image analysis","Cell signalling,Anatomy,Infection biology,Musculoskeletal biology,Ophthalmology - in vitro model design","LIFE202,LIFE204,LIFE206,LIFE207,LIFE221,LIFE223,LIFE227,LIFE229,LIFE232,LIFE234"
201640957,Bioveterinary Sciences,"GIS analysis,Field,Data analysis,Health Research,Grant proposal","Parasitology and vector borne disease,Wildlife and zoonotic disease,Animals in society,Emerging infections and pandemic threats,Animal behaviour","LIFE211,LIFE212,LIFE215,LIFE216,LIFE217,LIFE223,LIFE227,LIFE230,LIFE237,LIFE239"
201641188,Biochemistry,"Market Analysis,Outreach,Field,Health Research,Journalism","Cancer genetics,Development,Drug discovery,Drug safety,Molecular cell biology","LIFE201,LIFE202,LIFE203,LIFE208,LIFE223,LIFE224,LIFE225,LIFE227,LIFE237,LIFE245"
201641233,Biological Sciences,"Education Research,Field,Bioinformatics,Laboratory,Journalism","Animal behaviour,Wildlife and zoonotic disease,Animal welfare research,Animals in society,Biomechanics","LIFE208,LIFE210,LIFE211,LIFE212,LIFE213,LIFE233"
201641614,Biochemistry,"Laboratory,Meta-analysis,Image analysis,Health Research,Field","Cardiotoxicity,Drug safety,Drug discovery,Sepsis and acute inflammatory conditions,Cancer genetics","LIFE201,LIFE202,LIFE203,LIFE207,LIFE223,LIFE224,LIFE227,LIFE237,LIFE242,LIFE245"
201642564,Microbiology and Infection,"Laboratory,Field,Systematic Review,Image analysis,Health Research","Drug discovery,Pre-clinical drug development,Clinical drug development,Emerging infections and pandemic threats,Oral Microbiology","LIFE202,LIFE208,LIFE209,LIFE210,LIFE221,LIFE223,LIFE227,LIFE228,LIFE236,LIFE237"
201643140,Biochemistry,"Health Research,Bioinformatics,Data analysis,Laboratory,Education Research","Drug discovery,Pre-clinical drug development,Cancer genetics,Systems pharmacology and information science,Bioinformatics","LIFE202,LIFE203,LIFE223,LIFE224,LIFE225,LIFE227,LIFE237,LIFE245"
201643691,Biological Sciences,"Image analysis,Health Research,Laboratory,Journalism,Outreach","Anatomy,Cardiac electrophysiology,Musculoskeletal biology,Neurobiology and Neuropathology,Respiratory infections","LIFE204,LIFE205,LIFE206,LIFE207,LIFE221,LIFE223,LIFE232,LIFE233"
201644797,Biological Sciences,"Market Analysis,Data analysis,Image analysis,Journalism,Health Research","Global health,Emerging infections and pandemic threats,Development,Drug discovery,Educational research","LIFE208,LIFE209,LIFE210,LIFE221,LIFE223,LIFE227,LIFE228,LIFE233,LIFE236"
201644829,Biological and Medical Sciences,"Journalism,Outreach,Image analysis,Grant proposal,Market Analysis","Emerging infections and pandemic threats,Gastrointestinal infections,Global health,Respiratory infections,Oral Microbiology","LIFE202,LIFE204,LIFE207,LIFE209,LIFE221,LIFE223,LIFE227,LIFE228,LIFE234,LIFE242"
201645166,Biological Sciences,"Systematic Review,GIS analysis,Field,Computer modelling,Meta-analysis","Evolution and adaptation,Conservation  biology and environmental change,Ecology,Plant ecology,Host-microbe biology and co-evolution","LIFE201,LIFE202,LIFE208,LIFE210,LIFE213,LIFE223,LIFE225,LIFE227,LIFE228,LIFE236"
201645738,Anatomy and Human Biology,"Data analysis,Laboratory,Image analysis,Systematic Review,Health Research","Neurobiology and Neuropathology,Cancer medicine,Musculoskeletal biology,Musculoskeletal ageing,Anatomy","LIFE204,LIFE205,LIFE218,LIFE219,LIFE220,LIFE223,LIFE229,LIFE232,LIFE235"
201645905,Microbiology and Infection,"Journalism,Systematic Review,Field,Health Research,Market Analysis","Respiratory infections,Sepsis and acute inflammatory conditions,Parasitology and vector borne disease,Emerging infections and pandemic threats,Global health","LIFE202,LIFE208,LIFE209,LIFE210,LIFE221,LIFE223,LIFE227,LIFE228,LIFE236,LIFE237"
201645920,Biological Sciences,"Field,Laboratory,Market Analysis,Outreach,Journalism","Conservation  biology and environmental change,Animals in society,Animal behaviour,Wildlife and zoonotic disease,Ecology","LIFE209,LIFE211,LIFE212,LIFE213,LIFE214,LIFE223,LIFE230,LIFE233,LIFE238,LIFE243"
201646358,Biological and Medical Sciences,"Field,Laboratory,Systematic Review,Market Analysis,Health Research","Musculoskeletal ageing,Emerging infections and pandemic threats,Drug safety,Respiratory infections,Cardiotoxicity","LIFE202,LIFE204,LIFE205,LIFE206,LIFE207,LIFE223,LIFE225,LIFE227,LIFE229,LIFE234"
201646384,Biological and Medical Sciences,"Laboratory,Journalism,Health Research,Bioinformatics,Data analysis","Gastrointestinal infections,Musculoskeletal ageing,Musculoskeletal biology,Cancer immunology,Bioinformatics","LIFE202,LIFE204,LIFE205,LIFE206,LIFE207,LIFE223,LIFE225,LIFE227,LIFE228,LIFE234"
201647336,Anatomy and Human Biology,"Health Research,Field,Education Research,Laboratory,School","Gastrointestinal infections,Sepsis and acute inflammatory conditions,Emerging infections and pandemic threats,Musculoskeletal ageing,Global health","LIFE218,LIFE219,LIFE220,LIFE229,LIFE235"
201648562,Biological Sciences,"Health Research,Data analysis,Systematic Review,Laboratory,Meta-analysis","Cancer genetics,Pre-clinical drug development,Clinical drug development,Cardiotoxicity,Drug safety","LIFE204,LIFE205,LIFE206,LIFE207,LIFE208,LIFE227,LIFE229,LIFE232,LIFE234"
201648768,Biological and Medical Sciences,"Journalism,Outreach,Grant proposal,Education Research,Market Analysis","Cancer immunology,Outreach and public engagement,Development,Cancer outreach,Educational research","LIFE202,LIFE204,LIFE206,LIFE207,LIFE221,LIFE223,LIFE225,LIFE227,LIFE229,LIFE234"
201649167,Biological and Medical Sciences,"Grant proposal,Systematic Review,Journalism,Laboratory,Outreach","Host-microbe biology and co-evolution,One health,Parasitology and vector borne disease,Global health,Ophthalmology - Tissue engineering and regenerative medicine","LIFE207,LIFE208,LIFE221,LIFE223,LIFE225,LIFE227,LIFE229,LIFE236"
201649207,Biological and Medical Sciences,"Market Analysis,Education Research,Health Research,Journalism,Data analysis","Global health,Emerging infections and pandemic threats,Drug safety,Ophthalmology - Tissue engineering and regenerative medicine,Sepsis and acute inflammatory conditions","LIFE202,LIFE204,LIFE206,LIFE209,LIFE223,LIFE225,LIFE227,LIFE229,LIFE236"
201649328,Biological Sciences,"Laboratory,Systematic Review,Meta-analysis,Data analysis,Bioinformatics","Cell signalling,Cancer cell signalling,Molecular cell biology,Systems pharmacology and information science,Practical curriculum development","LIFE202,LIFE204,LIFE206,LIFE207,LIFE221,LIFE223,LIFE224,LIFE227,LIFE234"
201649599,Zoology,"Field,Laboratory,Data analysis,Outreach,Journalism","Animal behaviour,Animal welfare research,Animals in society,Conservation  biology and environmental change,Ecology","LIFE211,LIFE212,LIFE213,LIFE214,LIFE217,LIFE223,LIFE230,LIFE233,LIFE238,LIFE243"
201649605,Biological and Medical Sciences,"Grant proposal,Journalism,Health Research,Laboratory,Outreach","Neurobiology and Neuropathology,Drug discovery,Drug safety,Human immunology,Cell signalling","LIFE202,LIFE204,LIFE206,LIFE207,LIFE236"
201649794,Zoology,"Field,School,Journalism,Education Research,Outreach","Ecology,Animal behaviour,Conservation  biology and environmental change,Working with local schools,Evolution and adaptation","LIFE211,LIFE212,LIFE213,LIFE214,LIFE222,LIFE223,LIFE230,LIFE233,LIFE243"
201649817,Biochemistry,"Laboratory,Computer modelling,Computational project,Bioinformatics,Data analysis","Protein structure and function,Structural biology,Multi-omics,Bioinformatics,Systems pharmacology and information science","LIFE201,LIFE202,LIFE203,LIFE207,LIFE223,LIFE227,LIFE237,LIFE242,LIFE245"
201649872,Biochemistry,"Laboratory,Bioinformatics,Systematic Review,Meta-analysis,Data analysis","Cancer cell signalling,Cancer immunology,Drug safety,Cardiotoxicity,Sepsis and acute inflammatory conditions","LIFE201,LIFE202,LIFE203,LIFE207,LIFE224,LIFE227,LIFE237,LIFE245"
201650055,Biological Sciences,"Outreach,Journalism,Field,Laboratory,Image analysis","Evolution and adaptation,Infection biology,Cell signalling,Animal behaviour,Outreach and public engagement","LIFE202,LIFE209,LIFE211,LIFE212,LIFE221,LIFE223,LIFE227,LIFE230,LIFE233,LIFE236"
201650301,Biochemistry,"Laboratory,Health Research,Meta-analysis,Data analysis,Image analysis","Drug safety,Infection biology,Cancer cell signalling,Drug discovery,Cell signalling","LIFE201,LIFE202,LIFE203,LIFE204,LIFE223,LIFE224,LIFE225,LIFE227,LIFE237,LIFE245"
201650327,Biological and Medical Sciences,"Meta-analysis,Laboratory,Systematic Review,Health Research,Data analysis","Cancer microenvironment,Cancer immunology,Cardiotoxicity,Oral Microbiology,Pre-clinical drug development","LIFE202,LIFE204,LIFE206,LIFE223,LIFE228,LIFE234"
201651128,Biological and Medical Sciences,"Meta-analysis,Data analysis,Health Research,Image analysis,Journalism","Gastrointestinal infections,Respiratory infections,Musculoskeletal biology,Cancer immunology,Emerging infections and pandemic threats","LIFE206,LIFE207,LIFE227,LIFE228,LIFE245"
201651936,Anatomy and Human Biology,"Laboratory,Health Research,Grant proposal,Meta-analysis,Systematic Review","Sepsis and acute inflammatory conditions,Cardiac electrophysiology,Infection biology,Cell signalling,Neurobiology and Neuropathology","LIFE204,LIFE205,LIFE218,LIFE219,LIFE220,LIFE223,LIFE229,LIFE232,LIFE235"
201652665,Biological Sciences,"Laboratory,Systematic Review,Health Research,Education Research,School","One health,Global health,Emerging infections and pandemic threats,Infection biology,Wildlife and zoonotic disease","LIFE202,LIFE208,LIFE209,LIFE210,LIFE221,LIFE223,LIFE225,LIFE227,LIFE228,LIFE236"
201652928,Biological Sciences,"Grant proposal,Market Analysis,Health Research,Journalism,Computational project","Global health,Emerging infections and pandemic threats,Neurobiology and Neuropathology,Cancer microenvironment,Cancer immunology","LIFE204,LIFE205,LIFE206,LIFE207,LIFE221,LIFE223,LIFE227,LIFE229,LIFE234,LIFE242"
201653330,Biological and Medical Sciences,"Laboratory,Field,Meta-analysis,Health Research,Grant proposal","Cardiotoxicity,Cardioprotection,Calcium regulation,Cell signalling,Cancer cell signalling","LIFE202,LIFE204,LIFE206,LIFE207,LIFE221,LIFE223,LIFE225,LIFE227,LIFE229,LIFE234"
201653614,Biochemistry,"Laboratory,Health Research,Computer modelling,Field,Education Research","Dental Innovation,Ophthalmology - biomaterials,Drug discovery,Drug safety,Cardiotoxicity","LIFE201,LIFE202,LIFE203,LIFE207,LIFE223,LIFE224,LIFE227,LIFE237,LIFE242,LIFE245"
201654125,Biological Sciences,"Outreach,Market Analysis,Health Research,Grant proposal,Laboratory","Cancer outreach,Cancer genetics,Global health,Cancer immunology,Protein structure and function","LIFE202,LIFE204,LIFE207,LIFE210,LIFE221,LIFE223,LIFE227,LIFE229,LIFE232,LIFE234"
201654304,Biological Sciences,"Systematic Review,Data analysis,Health Research,Grant proposal,Journalism","Infection biology,Emerging infections and pandemic threats,Global health,Musculoskeletal ageing,Drug safety","LIFE202,LIFE204,LIFE207,LIFE210,LIFE221,LIFE223,LIFE227,LIFE229,LIFE232,LIFE236"
201654386,Biological Sciences,"Field,Grant proposal,Journalism,Laboratory,School","Conservation  biology and environmental change,Working with local schools,Ecology,Evolution and adaptation,Educational research","LIFE210,LIFE211,LIFE212,LIFE213,LIFE223,LIFE227,LIFE233"
201654473,Biochemistry,"Meta-analysis,Journalism,Laboratory,Health Research,Systematic Review","Infection biology,Molecular cell biology,Human immunology,Plant science,Development","LIFE201,LIFE202,LIFE203,LIFE209,LIFE224,LIFE227,LIFE237,LIFE242,LIFE245"
201654532,Biological and Medical Sciences,"Laboratory,Field,Outreach,Computer modelling,Grant proposal","Cancer genetics,Cardiotoxicity,Ophtalmology - Tissue engineering and regenerative medicine,Drug discovery,Emerging infections and pandemic threats","LIFE202,LIFE204,LIFE206,LIFE207,LIFE221,LIFE223,LIFE225,LIFE227,LIFE229,LIFE234"
201654972,Biological and Medical Sciences,"Laboratory,Health Research,Bioinformatics,Systematic Review,Computer modelling","Musculoskeletal ageing,Cancer cell signalling,Neurobiology and Neuropathology,Musculoskeletal biology,Biomechanics","LIFE202,LIFE204,LIFE207,LIFE208,LIFE221,LIFE223,LIFE224,LIFE227,LIFE229"
201654978,Biological and Medical Sciences,"Laboratory,Health Research,Systematic Review,Meta-analysis,Data analysis","Cancer genetics,Cancer immunology,Cancer cell signalling,Cancer microenvironment,Cell signalling","LIFE202,LIFE204,LIFE207,LIFE208,LIFE209,LIFE223,LIFE225,LIFE227,LIFE228,LIFE237"
201655322,Anatomy and Human Biology,"Computer modelling,Laboratory,Image analysis,Meta-analysis,Grant proposal","Biomechanics,Ophthalmology - Tissue engineering and regenerative medicine,Neurobiology and Neuropathology,Anatomy,Cardiac electrophysiology","LIFE204,LIFE205,LIFE218,LIFE219,LIFE220,LIFE223,LIFE229,LIFE232,LIFE235"
201655765,Biological Sciences,"Meta-analysis,Grant proposal,Journalism,Systematic Review,Health Research","Neurobiology and Neuropathology,Cell signalling,Molecular cell biology,Cancer cell signalling,Clinical drug development","LIFE202,LIFE204,LIFE207,LIFE221,LIFE245"
201655771,Biological Sciences,"Systematic Review,Meta-analysis,Data analysis,Health Research,Image analysis","Cancer genetics,Cardiotoxicity,Cancer immunology,Clinical drug development,Development","LIFE204,LIFE205,LIFE206,LIFE207,LIFE208,LIFE223,LIFE227,LIFE229,LIFE232,LIFE234"
201655803,Biological Sciences,"Health Research,Laboratory,Systematic Review,Meta-analysis,Image analysis","Dental Innovation,Cardiac electrophysiology,Oral Microbiology,Cardioprotection,Anatomy","LIFE202,LIFE204,LIFE206,LIFE207,LIFE221,LIFE223,LIFE227,LIFE229,LIFE232,LIFE234"
201656452,Biological and Medical Sciences,"Systematic Review,Meta-analysis,Health Research,Laboratory,Data analysis","Cancer medicine,Cancer microenvironment,Musculoskeletal ageing,Gastrointestinal infections,Musculoskeletal biology","LIFE202,LIFE204,LIFE206,LIFE207,LIFE221,LIFE223,LIFE225,LIFE227,LIFE229,LIFE234"
201656598,Biological and Medical Sciences,"Laboratory,Field,Health Research,Meta-analysis,Data analysis","Infection biology,Human immunology,Sepsis and acute inflammatory conditions,Cancer immunology,Cancer medicine","LIFE202,LIFE204,LIFE206,LIFE207,LIFE221,LIFE223,LIFE225,LIFE227,LIFE228,LIFE229"
201656847,Biological and Medical Sciences,"Laboratory,Data analysis,Systematic Review,Meta-analysis,Market Analysis","Pre-clinical drug development,Drug discovery,Drug safety,Ophthalmology - in vitro model design,Ophthalmology - biomaterials","LIFE202,LIFE204,LIFE206,LIFE207,LIFE223,LIFE224,LIFE225,LIFE227,LIFE234,LIFE245"
201658024,Bioveterinary Sciences,"Field,Laboratory,Meta-analysis,Bioinformatics,Image analysis","Ruminant health and welfare,Companion animals  and health data,Wildlife and zoonotic disease,Animal behaviour,Animals in society","LIFE212,LIFE215,LIFE216,LIFE217,LIFE223,LIFE225,LIFE227,LIFE230,LIFE239,LIFE240"
201658045,Biological Sciences,"Laboratory,Field,Bioinformatics,Computer modelling,Image analysis","Cancer genetics,Drug discovery,Evolution and adaptation,Host-microbe biology and co-evolution,Clinical drug development","LIFE206,LIFE207,LIFE210,LIFE212,LIFE213,LIFE223,LIFE224,LIFE228,LIFE229,LIFE234"
201658272,Biological Sciences,"Bioinformatics,Laboratory,Meta-analysis,Data analysis,Computer modelling","Bioinformatics,Cancer genetics,Cardiotoxicity,Cancer cell signalling,Cell signalling","LIFE201,LIFE202,LIFE205,LIFE208,LIFE210,LIFE223,LIFE226,LIFE227,LIFE237,LIFE242"
201659074,Biological and Medical Sciences,"Laboratory,Field,Journalism,Systematic Review,Bioinformatics","Ophthalmology - in vitro model design,Ophthalmology - Tissue engineering and regenerative medicine,Cancer microenvironment,Anatomy,Sepsis and acute inflammatory conditions","LIFE202,LIFE204,LIFE205,LIFE207,LIFE210,LIFE223,LIFE224,LIFE225,LIFE227,LIFE229"
201659173,Biochemistry,"Laboratory,Health Research,Computer modelling,Field,Image analysis","Protein structure and function,Cancer immunology,Pre-clinical drug development,Cancer genetics,Cancer cell signalling","LIFE209,LIFE224,LIFE227,LIFE237,LIFE245"
201659595,Biochemistry,"Journalism,Laboratory,Field,Health Research,Meta-analysis","Musculoskeletal ageing,Cancer genetics,Molecular cell biology,Cell signalling,Cancer cell signalling","LIFE201,LIFE202,LIFE203,LIFE205,LIFE223,LIFE224,LIFE227,LIFE237,LIFE242,LIFE245"
201660192,Biological and Medical Sciences,"Laboratory,Health Research,Market Analysis,Field,Systematic Review","Clinical drug development,Drug discovery,Drug safety,Gastrointestinal infections,Sepsis and acute inflammatory conditions","LIFE201,LIFE202,LIFE204,LIFE207,LIFE208,LIFE223,LIFE225,LIFE227,LIFE228,LIFE229"
201660474,Zoology,"Field,Journalism,Outreach,Meta-analysis,Image analysis","Conservation  biology and environmental change,Animal behaviour,Animal welfare research,Companion animals  and health data,Animals in society","LIFE211,LIFE212,LIFE214,LIFE233,LIFE243"
201660589,Biochemistry,"Laboratory,Health Research,Data analysis,Outreach,Image analysis","Cancer cell signalling,Drug safety,Pre-clinical drug development,Cancer genetics,Drug discovery","LIFE201,LIFE202,LIFE203,LIFE204,LIFE223,LIFE224,LIFE225,LIFE227,LIFE237,LIFE245"
201661098,Biological and Medical Sciences,"Health Research,Journalism,Data analysis,Market Analysis,GIS analysis","Cardiac electrophysiology,Respiratory infections,Gastrointestinal infections,Musculoskeletal ageing,Cancer microenvironment","LIFE202,LIFE204,LIFE207,LIFE208,LIFE221,LIFE223,LIFE225,LIFE227,LIFE229,LIFE236"
201661704,Microbiology and Infection,"Laboratory,Grant proposal,Bioinformatics,Meta-analysis,Systematic Review","Emerging infections and pandemic threats,Infection biology,Host-microbe biology and co-evolution,Molecular cell biology,Cell signalling","LIFE202,LIFE208,LIFE209,LIFE210,LIFE221,LIFE223,LIFE227,LIFE228,LIFE236,LIFE237"
201661751,Biological and Medical Sciences,"Laboratory,GIS analysis,Health Research,Image analysis,Data analysis","Clinical drug development,Drug safety,Drug discovery,Pre-clinical drug development,Educational research","LIFE202,LIFE204,LIFE206,LIFE207,LIFE223,LIFE225,LIFE227,LIFE234,LIFE237,LIFE245"
201663136,Zoology,"Laboratory,Field,Meta-analysis,Data analysis,Computer modelling","Conservation  biology and environmental change,Animal behaviour,Ecology,Wildlife and zoonotic disease,Evolution and adaptation","LIFE211,LIFE212,LIFE213,LIFE214,LIFE223,LIFE230,LIFE233,LIFE238,LIFE243"
201663666,Biological and Medical Sciences,"Laboratory,Health Research,Data analysis,Bioinformatics,Field","Cell signalling,Cancer genetics,Cancer medicine,Drug discovery,Plant science","LIFE202,LIFE204,LIFE207,LIFE208,LIFE221,LIFE223,LIFE225,LIFE227,LIFE228,LIFE237"
201664829,Biological Sciences,"Meta-analysis,Laboratory,Systematic Review,Data analysis,Computer modelling","Infection biology,Emerging infections and pandemic threats,Parasitology and vector borne disease,Host-microbe biology and co-evolution,Human immunology","LIFE202,LIFE208,LIFE209,LIFE210,LIFE221,LIFE223,LIFE227,LIFE228,LIFE236,LIFE237"
201666570,Biological and Medical Sciences,"Meta-analysis,Laboratory,Data analysis,Systematic Review,Health Research","Cancer cell signalling,Cancer microenvironment,Cardiotoxicity,Cancer genetics,Calcium regulation","LIFE202,LIFE204,LIFE206,LIFE223,LIFE234"
201668577,Anatomy and Human Biology,"Laboratory,Image analysis,Bioinformatics,Systematic Review,Meta-analysis","Cancer immunology,Cancer medicine,Neurobiology and Neuropathology,Development,Cancer cell signalling","LIFE202,LIFE205,LIFE218,LIFE219,LIFE220,LIFE223,LIFE227,LIFE235,LIFE242"
201669564,Biological Sciences,"Field,Data analysis,Meta-analysis,Market Analysis,Grant proposal","Animal behaviour,Conservation  biology and environmental change,Ecology,Animals in society,Wildlife and zoonotic disease","LIFE209,LIFE211,LIFE212,LIFE213,LIFE214,LIFE223,LIFE230,LIFE233,LIFE238,LIFE243"
201674984,Biological Sciences,"Data analysis,Meta-analysis,Field,Market Analysis,Education Research","Emerging infections and pandemic threats,Parasitology and vector borne disease,Human immunology,Global health,Gastrointestinal infections","LIFE204,LIFE205,LIFE206,LIFE207,LIFE221,LIFE227,LIFE229,LIFE232,LIFE238"
201676425,Biological Sciences,"Systematic Review,Data analysis,Meta-analysis,Health Research,Bioinformatics","Cancer immunology,Cancer microenvironment,Cancer genetics,Cancer cell signalling,Cancer medicine","LIFE202,LIFE205,LIFE209,LIFE210,LIFE221,LIFE223,LIFE227,LIFE228,LIFE237,LIFE242"
201678916,Microbiology and Infection,"Field,Laboratory,Market Analysis,Image analysis,Grant proposal","Molecular cell biology,Emerging infections and pandemic threats,Infection biology,Respiratory infections,Oral Microbiology","LIFE202,LIFE209,LIFE210,LIFE216,LIFE221,LIFE223,LIFE227,LIFE228,LIFE236,LIFE237"
201681782,Biological Sciences,"Field,GIS analysis,Data analysis,Meta-analysis,Grant proposal","Conservation  biology and environmental change,Ecology,Animal behaviour,Evolution and adaptation,Plant ecology","LIFE211,LIFE212,LIFE213,LIFE214,LIFE221,LIFE223,LIFE230,LIFE233,LIFE238,LIFE243"
201686822,Biological Sciences,"Systematic Review,Grant proposal,Meta-analysis,Journalism,Data analysis","Cancer medicine,Dental Innovation,Clinical drug development,Drug safety,Drug discovery","LIFE202,LIFE204,LIFE207,LIFE221,LIFE223,LIFE227,LIFE229,LIFE232,LIFE234,LIFE245"
201768835,Biochemistry,"Laboratory,Image analysis,Health Research,Grant proposal,Bioinformatics","Cancer genetics,Cancer cell signalling,Ophtalmology - biomaterials,Ophtalmology - molecular/cell biology,Cancer immunology","LIFE201,LIFE202,LIFE203,LIFE210,LIFE223,LIFE224,LIFE225,LIFE227,LIFE237,LIFE245"
201768840,Biological Sciences,"Laboratory,Field,GIS analysis,Image analysis,Health Research","Oral Microbiology,Molecular cell biology,Plant science,Conservation  biology and environmental change,Parasitology and vector borne disease","LIFE205,LIFE208,LIFE209,LIFE210,LIFE213,LIFE223,LIFE227,LIFE228,LIFE236,LIFE237"
201768848,Biological Sciences,"Laboratory,Bioinformatics,Health Research,Data analysis,Computer modelling","Oral Microbiology,Cancer microenvironment,Protein structure and function,Cell signalling,Respiratory infections","LIFE201,LIFE202,LIFE206,LIFE207,LIFE209,LIFE227,LIFE228,LIFE236,LIFE237"
201768855,Biological Sciences,"Laboratory,Field,Image analysis,Meta-analysis,Journalism","Musculoskeletal biology,Conservation  biology and environmental change,Cardiac electrophysiology,Companion animals  and health data,Clinical drug development","LIFE201,LIFE202,LIFE206,LIFE207,LIFE221,LIFE223,LIFE226,LIFE227,LIFE228,LIFE237"
201768866,Biological Sciences,"Laboratory,Data analysis,Meta-analysis,Field,Image analysis","Drug safety,Infection biology,Clinical drug development,Emerging infections and pandemic threats,Host-microbe biology and co-evolution","LIFE204,LIFE207,LIFE209,LIFE210,LIFE221,LIFE223,LIFE227,LIFE228,LIFE236,LIFE237"
201768889,Biological Sciences,"Laboratory,Bioinformatics,Data analysis,Computer modelling,Computational project","Drug discovery,Clinical drug development,Drug safety,Bioinformatics,Cancer genetics","LIFE201,LIFE202,LIFE207,LIFE208,LIFE221,LIFE223,LIFE224,LIFE227,LIFE237,LIFE242"
201768932,Biological Sciences,"Bioinformatics,Data analysis,Computational project,GIS analysis,Computer modelling","Bioinformatics,Cancer genetics,Systems pharmacology and information science,Neurobiology and Neuropathology,Drug discovery","LIFE201,LIFE202,LIFE203,LIFE208,LIFE223,LIFE224,LIFE225,LIFE226,LIFE237,LIFE245"
201768935,Biological Sciences,"Laboratory,Field,Health Research,Computational project,Bioinformatics","Animals in society,Anatomy,Animal behaviour,Cancer medicine,Cancer genetics","LIFE201,LIFE202,LIFE204,LIFE209,LIFE213,LIFE223,LIFE225,LIFE227,LIFE228,LIFE236"
201768961,Biological Sciences,"Image analysis,Laboratory,GIS analysis,Journalism,Outreach","Animal behaviour,Animal welfare research,Animals in society,Plant science,Evolution and adaptation","LIFE202,LIFE208,LIFE209,LIFE213,LIFE221,LIFE223,LIFE227,LIFE228,LIFE236,LIFE237"
201769057,Biological Sciences,"Laboratory,Data analysis,Systematic Review,Image analysis,Field","Drug safety,Plant science,Plant ecology,Human immunology,Animals in society","LIFE201,LIFE202,LIFE207,LIFE208,LIFE211,LIFE223,LIFE224,LIFE226,LIFE227,LIFE237"
201769077,Biological Sciences,"Laboratory,Market Analysis,Field,Data analysis,Bioinformatics","Clinical drug development,Drug safety,Drug discovery,Global health,Pre-clinical drug development","LIFE202,LIFE206,LIFE207,LIFE210,LIFE221,LIFE223,LIFE227,LIFE228,LIFE236,LIFE237"
201769153,Biochemistry,"Laboratory,Bioinformatics,Computer modelling,Data analysis,Image analysis","Structural biology,Protein structure and function,Molecular cell biology,Bioinformatics,Cancer cell signalling","LIFE201,LIFE202,LIFE203,LIFE208,LIFE223,LIFE224,LIFE225,LIFE227,LIFE237,LIFE245"
201769178,Biological Sciences,"Laboratory,Bioinformatics,Data analysis,Image analysis,Meta-analysis","Neurobiology and Neuropathology,Biomechanics,Bioinformatics,Structural biology,Molecular cell biology","LIFE201,LIFE202,LIFE204,LIFE207,LIFE208,LIFE223,LIFE224,LIFE225,LIFE226,LIFE227"
201769181,Biological Sciences,"Laboratory,Field,Meta-analysis,Bioinformatics,Systematic Review","Neurobiology and Neuropathology,Infection biology,Cancer microenvironment,Molecular cell biology,Parasitology and vector borne disease","LIFE204,LIFE205,LIFE208,LIFE209,LIFE221,LIFE223,LIFE225,LIFE228,LIFE236"
201769183,Biochemistry,"Laboratory,Bioinformatics,Health Research,Data analysis,Meta-analysis","Cancer cell signalling,Cancer immunology,Cell signalling,Infection biology,Protein structure and function","LIFE201,LIFE202,LIFE203,LIFE204,LIFE223,LIFE224,LIFE225,LIFE227,LIFE237,LIFE245"
201769186,Biological Sciences,"Laboratory,Systematic Review,Bioinformatics,Health Research,Computer modelling","Cancer genetics,Cancer cell signalling,Cell signalling,Molecular cell biology,Clinical drug development","LIFE201,LIFE202,LIFE204,LIFE207,LIFE208,LIFE223,LIFE224,LIFE226,LIFE227,LIFE237"
201769227,Biological Sciences,"Laboratory,Health Research,Systematic Review,Data analysis,Education Research","Cancer medicine,Clinical drug development,Drug discovery,Drug safety,Pre-clinical drug development","LIFE202,LIFE207,LIFE208,LIFE227,LIFE236,LIFE237"
201769306,Biological Sciences,"Laboratory,Bioinformatics,Systematic Review,Computer modelling,Meta-analysis","Molecular cell biology,Protein structure and function,Cell signalling,Cancer genetics,Cancer cell signalling","LIFE201,LIFE202,LIFE203,LIFE208,LIFE223,LIFE224,LIFE225,LIFE226,LIFE227,LIFE245"
201769308,Microbiology and Infection,"Laboratory,Health Research,Systematic Review,Field,Bioinformatics","Infection biology,Emerging infections and pandemic threats,Molecular cell biology,Human immunology,Drug discovery","LIFE202,LIFE208,LIFE209,LIFE210,LIFE221,LIFE223,LIFE226,LIFE227,LIFE228,LIFE237"
201769348,Biological Sciences,"Laboratory,Systematic Review,Outreach,Computer modelling,Health Research","Molecular cell biology,Cell signalling,Cancer genetics,Infection biology,Anatomy","LIFE201,LIFE202,LIFE208,LIFE209,LIFE210,LIFE224,LIFE225,LIFE236,LIFE237"
201769391,Biological Sciences,"Laboratory,Field,Bioinformatics,Data analysis,Health Research","Drug discovery,Cancer medicine,Clinical drug development,Drug safety,Cancer cell signalling","LIFE201,LIFE202,LIFE207,LIFE208,LIFE221,LIFE223,LIFE224,LIFE227,LIFE237,LIFE242"
201769398,Biological Sciences,"Laboratory,Health Research,Market Analysis,Field,Education Research","Cancer genetics,Cancer microenvironment,Anatomy,Cancer immunology,Oral Microbiology","LIFE201,LIFE202,LIFE207,LIFE208,LIFE210,LIFE223,LIFE225,LIFE226,LIFE228,LIFE237"
201769401,Biological Sciences,"Laboratory,Systematic Review,Meta-analysis,Bioinformatics,Journalism","Cancer immunology,Cancer cell signalling,Neurobiology and Neuropathology,Cancer genetics,Cell signalling","LIFE202,LIFE204,LIFE209,LIFE210,LIFE221,LIFE223,LIFE226,LIFE227,LIFE228,LIFE237"
201769476,Biological Sciences,"Laboratory,Bioinformatics,Image analysis,Data analysis,Meta-analysis","Cancer immunology,Cancer cell signalling,Cell signalling,Drug safety,Clinical drug development","LIFE202,LIFE204,LIFE207,LIFE208,LIFE221,LIFE223,LIFE227,LIFE228,LIFE236,LIFE237"
201769479,Biological Sciences,"Computer modelling,Data analysis,Meta-analysis,Bioinformatics,Computational project","Systems pharmacology and information science,Drug discovery,Drug safety,Clinical drug development,Bioinformatics","LIFE201,LIFE202,LIFE204,LIFE207,LIFE208,LIFE223,LIFE227,LIFE228,LIFE237,LIFE238"
201769505,Biological Sciences,"GIS analysis,School,Image analysis,Health Research,Education Research","Animal behaviour,Animals in society,Animal welfare research,Companion animals  and health data,Evolution and adaptation","LIFE201,LIFE202,LIFE204,LIFE210,LIFE213,LIFE223,LIFE225,LIFE227,LIFE228,LIFE236"
201769510,Biological Sciences,"Laboratory,Market Analysis,Data analysis,Field,Image analysis","Clinical drug development,Drug safety,Drug discovery,Pre-clinical drug development,Global health","LIFE202,LIFE204,LIFE207,LIFE210,LIFE221,LIFE223,LIFE227,LIFE228,LIFE236"
201769756,Biological Sciences,"Field,Laboratory,Bioinformatics,Image analysis,Outreach","Ruminant health and welfare,Clinical drug development,Animal welfare research,Drug discovery,Emerging infections and pandemic threats","LIFE202,LIFE204,LIFE205,LIFE207,LIFE208,LIFE209,LIFE221,LIFE223,LIFE225,LIFE227,LIFE228,LIFE236"
201769768,Biological Sciences,"Laboratory,Field,Image analysis,Journalism,Health Research","Drug discovery,Drug safety,Clinical drug development,Infection biology,Emerging infections and pandemic threats","LIFE202,LIFE206,LIFE207,LIFE210,LIFE221,LIFE223,LIFE227,LIFE228,LIFE236,LIFE237"
201769791,Biological Sciences,"Health Research,Field,Education Research,Data analysis,Laboratory","Cancer immunology,Cancer cell signalling,Animal welfare research,Bioinformatics,Wildlife and zoonotic disease","LIFE201,LIFE202,LIFE209,LIFE210,LIFE221,LIFE223,LIFE226,LIFE227,LIFE228,LIFE237"
201769793,Biological Sciences,"Laboratory,Computer modelling,Health Research,Computational project,Image analysis","Neurobiology and Neuropathology,Development,Cell signalling,Molecular cell biology,Clinical drug development","LIFE201,LIFE202,LIFE204,LIFE208,LIFE221,LIFE223,LIFE225,LIFE226,LIFE227,LIFE237"
201769820,Biological Sciences,"Laboratory,Bioinformatics,Data analysis,Image analysis,Field","Neurobiology and Neuropathology,Cancer microenvironment,Cancer immunology,Cancer cell signalling,Cancer genetics","LIFE201,LIFE202,LIFE207,LIFE208,LIFE221,LIFE223,LIFE224,LIFE226,LIFE227,LIFE237"
201769885,Biological Sciences,"Bioinformatics,Data analysis,Image analysis,GIS analysis,Computational project","Systems pharmacology and information science,Bioinformatics,Clinical drug development,Drug discovery,Cancer genetics","LIFE202,LIFE203,LIFE207,LIFE208,LIFE223,LIFE224,LIFE225,LIFE226,LIFE237,LIFE245"
201769897,Biological Sciences,"Health Research,Data analysis,Market Analysis,GIS analysis,Laboratory","Clinical drug development,Drug safety,Cancer microenvironment,Wildlife and zoonotic disease,Calcium regulation","LIFE201,LIFE202,LIFE210,LIFE221,LIFE223,LIFE227,LIFE228,LIFE236,LIFE237"
201770066,Biological Sciences,"Journalism,Laboratory,Field,Education Research,School","Animal behaviour,Animals in society,Cancer genetics,Ecology,Anatomy","LIFE201,LIFE208,LIFE210,LIFE213,LIFE221,LIFE223,LIFE226"
201770207,Microbiology and Infection,"Laboratory,Field,Data analysis,Systematic Review,Outreach","Structural biology,Host-microbe biology and co-evolution,Infection biology,Parasitology and vector borne disease,Wildlife and zoonotic disease","LIFE201,LIFE202,LIFE208,LIFE209,LIFE210,LIFE221,LIFE223,LIFE226,LIFE227,LIFE228,LIFE237"
201770222,Biological Sciences,"Laboratory,Data analysis,Systematic Review,Meta-analysis,Image analysis","Cancer cell signalling,Cancer genetics,Cancer microenvironment,Cell signalling,Cancer immunology","LIFE201,LIFE202,LIFE204,LIFE209,LIFE221,LIFE223,LIFE226,LIFE227,LIFE237,LIFE242"
201780700,Biological and Medical Sciences,"Market Analysis,Outreach,Health Research,Image analysis,Journalism","Global health,Emerging infections and pandemic threats,Infection biology,Drug discovery,Sepsis and acute inflammatory conditions","LIFE202,LIFE204,LIFE206,LIFE207,LIFE208,LIFE223,LIFE227,LIFE228,LIFE236,LIFE242"
